path,parent_path,depth,n1,title,type,role,origin,v16_nodes_covered,v16_masterarticles_attached,sibling_order,node_id,parent_node_id,article_id,article_file,article_relation,link_confidence,link_source,base_status,base_evidence
Biblioteca de Trading,,0,,Biblioteca de Trading,ARTICLE,MASTER_ARTICLE,V05_EDITORIAL_REVIEW,0.0,1.0,0,N_653fa1164539,,A_1490e49acc83,Biblioteca_de_Trading.md,OWN_ARTICLE,EXACT,physical_filename_or_h1,CANONICAL_PRE_RECONCILIATION,ARBRE_CANONIC.csv
Introducción al Trading,Biblioteca de Trading,1,Introducción al Trading,Introducción al Trading,ARTICLE,MASTER_ARTICLE,CANONICAL,7.0,7.0,0,N_8598aeeb1157,N_653fa1164539,A_fdcbdb1d1d2d,Introduccion_al_Trading.md,OWN_ARTICLE,EXACT,physical_filename_or_h1,CANONICAL_PRE_RECONCILIATION,ARBRE_CANONIC.csv
"Mercados, Activos e Instrumentos Financieros",Biblioteca de Trading,1,"Mercados, Activos e Instrumentos Financieros","Mercados, Activos e Instrumentos Financieros",ARTICLE,MASTER_ARTICLE,V05_EDITORIAL_REVIEW_CLOSED,0.0,0.0,2,N_a16e72bbf35e,N_653fa1164539,A_0b4b77aa5e5e,Mercados_Activos_e_Instrumentos_Financieros.md,OWN_ARTICLE,EXACT,physical_filename_or_h1,CANONICAL_PRE_RECONCILIATION,ARBRE_CANONIC.csv
"Mercados, Activos e Instrumentos Financieros > Mercados","Mercados, Activos e Instrumentos Financieros",2,"Mercados, Activos e Instrumentos Financieros",Mercados,ARTICLE,MASTER_ARTICLE,V05_EDITORIAL_REVIEW_CLOSED,27.0,36.0,0,N_37f447d9c170,N_a16e72bbf35e,A_4d558482e651,Mercados.md,OWN_ARTICLE,EXACT,physical_filename_or_h1,CANONICAL_PRE_RECONCILIATION,ARBRE_CANONIC.csv
"Mercados, Activos e Instrumentos Financieros > Mercados > Fundamentos > Formación de precios","Mercados, Activos e Instrumentos Financieros > Mercados > Fundamentos",3,"Mercados, Activos e Instrumentos Financieros",Formación de precios,ARTICLE,LEAF_ARTICLE,V05_MASS_EDITORIAL_COLLAPSE,1.0,3.0,2,N_587c838f4c6d,N_e2801ea2bd32,A_6d8d1f45525b,Formacion_de_precios.md,OWN_ARTICLE,EXACT,physical_filename_or_h1,CANONICAL_PRE_RECONCILIATION,ARBRE_CANONIC.csv
"Mercados, Activos e Instrumentos Financieros > Mercados > Fundamentos > Oferta y demanda","Mercados, Activos e Instrumentos Financieros > Mercados > Fundamentos",3,"Mercados, Activos e Instrumentos Financieros",Oferta y demanda,ARTICLE,LEAF_ARTICLE,V05_MASS_EDITORIAL_COLLAPSE,1.0,0.0,3,N_47a12628d3c4,N_e2801ea2bd32,A_fd97a94b5d01,Oferta_y_demanda.md,OWN_ARTICLE,EXACT,physical_filename_or_h1,CANONICAL_PRE_RECONCILIATION,ARBRE_CANONIC.csv
"Mercados, Activos e Instrumentos Financieros > Mercados > Tipos de mercados financieros","Mercados, Activos e Instrumentos Financieros > Mercados",3,"Mercados, Activos e Instrumentos Financieros",Tipos de mercados financieros,ARTICLE,MASTER_ARTICLE,RESTORED_V16_AUDIT_V04,28.0,26.0,1,N_44be94425103,N_37f447d9c170,A_3a1a74db833c,Tipos_de_Mercados_Financieros.md,OWN_ARTICLE,EXACT,physical_filename_or_h1,CANONICAL_PRE_RECONCILIATION,ARBRE_CANONIC.csv
"Mercados, Activos e Instrumentos Financieros > Mercados > Estructura y funcionamiento","Mercados, Activos e Instrumentos Financieros > Mercados",3,"Mercados, Activos e Instrumentos Financieros",Estructura y funcionamiento,ARTICLE,MASTER_ARTICLE,V05_EDITORIAL_REVIEW_CLOSED,0.0,0.0,2,N_ff1387226b2e,N_37f447d9c170,A_4d558482e651,Mercados.md,SECTION_IN_ANCESTOR_ARTICLE,EXACT_HEADING,physical_heading,CANONICAL_PRE_RECONCILIATION,ARBRE_CANONIC.csv
"Mercados, Activos e Instrumentos Financieros > Mercados > Tipos de mercados financieros > Mercados organizados y mercados OTC","Mercados, Activos e Instrumentos Financieros > Mercados > Tipos de mercados financieros",4,"Mercados, Activos e Instrumentos Financieros",Mercados organizados y mercados OTC,ARTICLE,LEAF_ARTICLE,CANONICAL,0.0,0.0,0,N_13ac6d24b0ff,N_44be94425103,A_a905dd99afb9,Mercados_organizados_y_mercados_OTC.md,OWN_ARTICLE,EXACT,physical_filename_or_h1,CANONICAL_PRE_RECONCILIATION,ARBRE_CANONIC.csv
"Mercados, Activos e Instrumentos Financieros > Mercados > Estructura y funcionamiento > Órdenes y ejecución","Mercados, Activos e Instrumentos Financieros > Mercados > Estructura y funcionamiento",4,"Mercados, Activos e Instrumentos Financieros",Órdenes y ejecución,ARTICLE,MASTER_ARTICLE,V05_EDITORIAL_REVIEW_CLOSED,1.0,2.0,2,N_1d46b2335b7a,N_ff1387226b2e,A_eda083743943,Ordenes_y_ejecucion.md,OWN_ARTICLE,EXACT,physical_filename_or_h1,CANONICAL_PRE_RECONCILIATION,ARBRE_CANONIC.csv
"Mercados, Activos e Instrumentos Financieros > Mercados > Estructura y funcionamiento > Órdenes y ejecución > Slippage e impacto de mercado","Mercados, Activos e Instrumentos Financieros > Mercados > Estructura y funcionamiento > Órdenes y ejecución",5,"Mercados, Activos e Instrumentos Financieros",Slippage e impacto de mercado,ARTICLE,LEAF_ARTICLE,V05_MASS_REVIEW_CLOSED,0.0,0.0,0,N_d0fa0563fcf7,N_1d46b2335b7a,A_a63379b2f591,Slippage_e_impacto_de_mercado.md,OWN_ARTICLE,EXACT,physical_filename_or_h1,CANONICAL_PRE_RECONCILIATION,ARBRE_CANONIC.csv
"Mercados, Activos e Instrumentos Financieros > Mercados > Estructura y funcionamiento > Órdenes y ejecución > Órdenes agresivas y pasivas","Mercados, Activos e Instrumentos Financieros > Mercados > Estructura y funcionamiento > Órdenes y ejecución",5,"Mercados, Activos e Instrumentos Financieros",Órdenes agresivas y pasivas,ARTICLE,LEAF_ARTICLE,RESTORED_V16_AUDIT_V04,1.0,0.0,2,N_c52843774604,N_1d46b2335b7a,A_da4bac9502e1,Ordenes_agresivas_y_pasivas.md,OWN_ARTICLE,EXACT,physical_filename_or_h1,CANONICAL_PRE_RECONCILIATION,ARBRE_CANONIC.csv
"Mercados, Activos e Instrumentos Financieros > Mercados > Estructura y funcionamiento > Microestructura","Mercados, Activos e Instrumentos Financieros > Mercados > Estructura y funcionamiento",4,"Mercados, Activos e Instrumentos Financieros",Microestructura,ARTICLE,MASTER_ARTICLE,V05_MASS_REVIEW_CLOSED,0.0,0.0,3,N_933ed9f1c75d,N_ff1387226b2e,A_7778b270271b,Microestructura.md,OWN_ARTICLE,EXACT,physical_filename_or_h1,CANONICAL_PRE_RECONCILIATION,ARBRE_CANONIC.csv
"Mercados, Activos e Instrumentos Financieros > Mercados > Estructura y funcionamiento > Microestructura > Bid, ask, spread y tick size","Mercados, Activos e Instrumentos Financieros > Mercados > Estructura y funcionamiento > Microestructura",5,"Mercados, Activos e Instrumentos Financieros","Bid, ask, spread y tick size",ARTICLE,LEAF_ARTICLE,V05_MASS_REVIEW_CLOSED,0.0,0.0,0,N_af50e9270948,N_933ed9f1c75d,A_3e73adbfce71,Bid_ask_spread_y_tick_size.md,OWN_ARTICLE,EXACT,physical_filename_or_h1,CANONICAL_PRE_RECONCILIATION,ARBRE_CANONIC.csv
"Mercados, Activos e Instrumentos Financieros > Mercados > Estructura y funcionamiento > Microestructura > Fragmentación de mercados y routing de órdenes","Mercados, Activos e Instrumentos Financieros > Mercados > Estructura y funcionamiento > Microestructura",5,"Mercados, Activos e Instrumentos Financieros",Fragmentación de mercados y routing de órdenes,ARTICLE,LEAF_ARTICLE,V05_MASS_REVIEW_CLOSED,0.0,0.0,1,N_1fe5a94d0bc2,N_933ed9f1c75d,A_8a8dac60963f,Fragmentacion_de_mercados_y_routing_de_ordenes.md,OWN_ARTICLE,EXACT,physical_filename_or_h1,CANONICAL_PRE_RECONCILIATION,ARBRE_CANONIC.csv
"Mercados, Activos e Instrumentos Financieros > Mercados > Estructura y funcionamiento > Microestructura > Liquidez y profundidad","Mercados, Activos e Instrumentos Financieros > Mercados > Estructura y funcionamiento > Microestructura",5,"Mercados, Activos e Instrumentos Financieros",Liquidez y profundidad,ARTICLE,LEAF_ARTICLE,V05_MASS_REVIEW_CLOSED,1.0,3.0,2,N_da506d7ce532,N_933ed9f1c75d,A_8e50efabb693,Liquidez_y_profundidad.md,OWN_ARTICLE,EXACT,physical_filename_or_h1,CANONICAL_PRE_RECONCILIATION,ARBRE_CANONIC.csv
"Mercados, Activos e Instrumentos Financieros > Mercados > Estructura y funcionamiento > Compensación, liquidación y custodia","Mercados, Activos e Instrumentos Financieros > Mercados > Estructura y funcionamiento",4,"Mercados, Activos e Instrumentos Financieros","Compensación, liquidación y custodia",ARTICLE,LEAF_ARTICLE,V05_MASS_REVIEW_CLOSED,0.0,0.0,4,N_748f2cb9bb50,N_ff1387226b2e,A_5cc618c48a25,Compensacion_liquidacion_y_custodia.md,OWN_ARTICLE,EXACT,physical_filename_or_h1,CANONICAL_PRE_RECONCILIATION,ARBRE_CANONIC.csv
"Mercados, Activos e Instrumentos Financieros > Mercados > Estructura y funcionamiento > Margen, garantías y llamadas de margen","Mercados, Activos e Instrumentos Financieros > Mercados > Estructura y funcionamiento",4,"Mercados, Activos e Instrumentos Financieros","Margen, garantías y llamadas de margen",ARTICLE,LEAF_ARTICLE,V05_MASS_REVIEW_CLOSED,1.0,1.0,5,N_8febceb3e047,N_ff1387226b2e,A_f7b49cd3a4e9,Margen_garantias_y_llamadas_de_margen.md,OWN_ARTICLE,EXACT,physical_filename_or_h1,CANONICAL_PRE_RECONCILIATION,ARBRE_CANONIC.csv
"Mercados, Activos e Instrumentos Financieros > Mercados > Estructura y funcionamiento > Venta en corto y préstamo de valores","Mercados, Activos e Instrumentos Financieros > Mercados > Estructura y funcionamiento",4,"Mercados, Activos e Instrumentos Financieros",Venta en corto y préstamo de valores,ARTICLE,LEAF_ARTICLE,V05_MASS_REVIEW_CLOSED,0.0,0.0,7,N_f36635245289,N_ff1387226b2e,A_d23e9eeed729,Venta_en_corto_y_prestamo_de_valores.md,OWN_ARTICLE,EXACT,physical_filename_or_h1,CANONICAL_PRE_RECONCILIATION,ARBRE_CANONIC.csv
"Mercados, Activos e Instrumentos Financieros > Mercados > Participantes de los mercados","Mercados, Activos e Instrumentos Financieros > Mercados",3,"Mercados, Activos e Instrumentos Financieros",Participantes de los mercados,ARTICLE,MASTER_ARTICLE,V05_MASS_REVIEW_CLOSED,3.0,6.0,3,N_09131b1a4d74,N_37f447d9c170,A_74a252e395ab,Participantes_en_los_Mercados.md,OWN_ARTICLE,EXACT,physical_filename_or_h1,CANONICAL_PRE_RECONCILIATION,ARBRE_CANONIC.csv
"Mercados, Activos e Instrumentos Financieros > Mercados > Participantes de los mercados > Bancos Centrales","Mercados, Activos e Instrumentos Financieros > Mercados > Participantes de los mercados",4,"Mercados, Activos e Instrumentos Financieros",Bancos Centrales,ARTICLE,MASTER_ARTICLE,V05_MASS_REVIEW_CLOSED,15.0,16.0,0,N_f5b89f7891fe,N_09131b1a4d74,A_46e0b0cce6c4,Bancos_Centrales.md,OWN_ARTICLE,EXACT,physical_filename_or_h1,CANONICAL_PRE_RECONCILIATION,ARBRE_CANONIC.csv
"Mercados, Activos e Instrumentos Financieros > Mercados > Participantes de los mercados > Dealers","Mercados, Activos e Instrumentos Financieros > Mercados > Participantes de los mercados",4,"Mercados, Activos e Instrumentos Financieros",Dealers,ARTICLE,LEAF_ARTICLE,V05_MASS_REVIEW_CLOSED,1.0,0.0,1,N_a54c1e57883c,N_09131b1a4d74,A_cea9781b7132,Dealers.md,OWN_ARTICLE,EXACT,physical_filename_or_h1,CANONICAL_PRE_RECONCILIATION,ARBRE_CANONIC.csv
"Mercados, Activos e Instrumentos Financieros > Mercados > Participantes de los mercados > Instituciones financieras internacionales","Mercados, Activos e Instrumentos Financieros > Mercados > Participantes de los mercados",4,"Mercados, Activos e Instrumentos Financieros",Instituciones financieras internacionales,ARTICLE,MASTER_ARTICLE,V05_MASS_REVIEW_CLOSED,2.0,2.0,2,N_33c20951d918,N_09131b1a4d74,A_360eaf4072de,Instituciones_financieras_internacionales.md,OWN_ARTICLE,EXACT,physical_filename_or_h1,CANONICAL_PRE_RECONCILIATION,ARBRE_CANONIC.csv
"Mercados, Activos e Instrumentos Financieros > Mercados > Participantes de los mercados > Market Makers","Mercados, Activos e Instrumentos Financieros > Mercados > Participantes de los mercados",4,"Mercados, Activos e Instrumentos Financieros",Market Makers,ARTICLE,LEAF_ARTICLE,V05_MASS_REVIEW_CLOSED,3.0,4.0,3,N_c46675b2d74b,N_09131b1a4d74,A_ae4692118968,Market_Makers.md,OWN_ARTICLE,EXACT,physical_filename_or_h1,CANONICAL_PRE_RECONCILIATION,ARBRE_CANONIC.csv
"Mercados, Activos e Instrumentos Financieros > Mercados > Participantes de los mercados > Agencias de calificación","Mercados, Activos e Instrumentos Financieros > Mercados > Participantes de los mercados",4,"Mercados, Activos e Instrumentos Financieros",Agencias de calificación,ARTICLE,LEAF_ARTICLE,V05_MASS_REVIEW_CLOSED,1.0,1.0,4,N_24bd4d5c12f6,N_09131b1a4d74,A_29789d94d339,Agencias_de_calificacion.md,OWN_ARTICLE,EXACT,physical_filename_or_h1,CANONICAL_PRE_RECONCILIATION,ARBRE_CANONIC.csv
"Mercados, Activos e Instrumentos Financieros > Mercados > Participantes de los mercados > Bancos de Inversiones","Mercados, Activos e Instrumentos Financieros > Mercados > Participantes de los mercados",4,"Mercados, Activos e Instrumentos Financieros",Bancos de Inversiones,ARTICLE,LEAF_ARTICLE,V05_MASS_REVIEW_CLOSED,1.0,0.0,5,N_9ecc095b4d26,N_09131b1a4d74,A_18daab0f06ce,Bancos_de_Inversiones.md,OWN_ARTICLE,EXACT,physical_filename_or_h1,CANONICAL_PRE_RECONCILIATION,ARBRE_CANONIC.csv
"Mercados, Activos e Instrumentos Financieros > Mercados > Participantes de los mercados > Fondos de inversion","Mercados, Activos e Instrumentos Financieros > Mercados > Participantes de los mercados",4,"Mercados, Activos e Instrumentos Financieros",Fondos de inversion,ARTICLE,LEAF_ARTICLE,V05_MASS_REVIEW_CLOSED,1.0,0.0,6,N_13a1a77310ea,N_09131b1a4d74,A_dc42a27d3663,Fondos_de_Inversion.md,OWN_ARTICLE,EXACT,physical_filename_or_h1,CANONICAL_PRE_RECONCILIATION,ARBRE_CANONIC.csv
"Mercados, Activos e Instrumentos Financieros > Mercados > Participantes de los mercados > Fondos Soberanos","Mercados, Activos e Instrumentos Financieros > Mercados > Participantes de los mercados",4,"Mercados, Activos e Instrumentos Financieros",Fondos Soberanos,ARTICLE,LEAF_ARTICLE,V05_MASS_REVIEW_CLOSED,1.0,1.0,7,N_a550b07bd6f9,N_09131b1a4d74,A_341fb29c749a,Fondos_Soberanos.md,OWN_ARTICLE,EXACT,physical_filename_or_h1,CANONICAL_PRE_RECONCILIATION,ARBRE_CANONIC.csv
"Mercados, Activos e Instrumentos Financieros > Mercados > Participantes de los mercados > Hedge Funds","Mercados, Activos e Instrumentos Financieros > Mercados > Participantes de los mercados",4,"Mercados, Activos e Instrumentos Financieros",Hedge Funds,ARTICLE,LEAF_ARTICLE,V05_MASS_REVIEW_CLOSED,1.0,1.0,8,N_c36fb2018009,N_09131b1a4d74,A_349fb454c30d,Hedge_Funds.md,OWN_ARTICLE,EXACT,physical_filename_or_h1,CANONICAL_PRE_RECONCILIATION,ARBRE_CANONIC.csv
"Mercados, Activos e Instrumentos Financieros > Mercados > Participantes de los mercados > Manos fuertes, big players y smart money","Mercados, Activos e Instrumentos Financieros > Mercados > Participantes de los mercados",4,"Mercados, Activos e Instrumentos Financieros","Manos fuertes, big players y smart money",ARTICLE,LEAF_ARTICLE,V05_MASS_REVIEW_CLOSED,1.0,0.0,9,N_853165447609,N_09131b1a4d74,A_f51e9902e606,Manos_fuertes_big_players_y_smart_money.md,OWN_ARTICLE,EXACT,physical_filename_or_h1,CANONICAL_PRE_RECONCILIATION,ARBRE_CANONIC.csv
"Mercados, Activos e Instrumentos Financieros > Mercados > Infraestructuras y centros de negociación","Mercados, Activos e Instrumentos Financieros > Mercados",3,"Mercados, Activos e Instrumentos Financieros",Infraestructuras y centros de negociación,ARTICLE,MASTER_ARTICLE,V05_MASS_REVIEW_CLOSED,0.0,0.0,4,N_dcd1c1a04a19,N_37f447d9c170,A_5ea5f8d6248a,Infraestructuras_y_centros_de_negociacion.md,OWN_ARTICLE,EXACT,physical_filename_or_h1,CANONICAL_PRE_RECONCILIATION,ARBRE_CANONIC.csv
"Mercados, Activos e Instrumentos Financieros > Mercados > Infraestructuras y centros de negociación > Bolsas y exchanges","Mercados, Activos e Instrumentos Financieros > Mercados > Infraestructuras y centros de negociación",4,"Mercados, Activos e Instrumentos Financieros",Bolsas y exchanges,ARTICLE,LEAF_ARTICLE,V05_MASS_REVIEW_CLOSED,2.0,1.0,0,N_4890f06ff016,N_dcd1c1a04a19,A_4676ec3b8b18,Bolsas_y_exchanges.md,OWN_ARTICLE,EXACT,physical_filename_or_h1,CANONICAL_PRE_RECONCILIATION,ARBRE_CANONIC.csv
"Mercados, Activos e Instrumentos Financieros > Mercados > Infraestructuras y centros de negociación > Dark pools, MTF, OTF e internalizadores sistemáticos","Mercados, Activos e Instrumentos Financieros > Mercados > Infraestructuras y centros de negociación",4,"Mercados, Activos e Instrumentos Financieros","Dark pools, MTF, OTF e internalizadores sistemáticos",ARTICLE,LEAF_ARTICLE,V05_MASS_REVIEW_CLOSED,0.0,0.0,1,N_c8be555055ab,N_dcd1c1a04a19,A_e63c717a45b3,Dark_pools_MTF_OTF_e_internalizadores_sistematicos.md,OWN_ARTICLE,EXACT,physical_filename_or_h1,CANONICAL_PRE_RECONCILIATION,ARBRE_CANONIC.csv
"Mercados, Activos e Instrumentos Financieros > Mercados > Infraestructuras y centros de negociación > ECN","Mercados, Activos e Instrumentos Financieros > Mercados > Infraestructuras y centros de negociación",4,"Mercados, Activos e Instrumentos Financieros",ECN,ARTICLE,LEAF_ARTICLE,V05_MASS_REVIEW_CLOSED,1.0,1.0,2,N_72674102f6b4,N_dcd1c1a04a19,A_7c6521d56529,ECN.md,OWN_ARTICLE,EXACT,physical_filename_or_h1,CANONICAL_PRE_RECONCILIATION,ARBRE_CANONIC.csv
"Mercados, Activos e Instrumentos Financieros > Mercados > Tecnología de los mercados","Mercados, Activos e Instrumentos Financieros > Mercados",3,"Mercados, Activos e Instrumentos Financieros",Tecnología de los mercados,ARTICLE,LEAF_ARTICLE,V05_MASS_REVIEW_CLOSED,0.0,0.0,5,N_1b53f8868ad5,N_37f447d9c170,A_0135ed03a8fb,Tecnologia_de_los_mercados.md,OWN_ARTICLE,EXACT,physical_filename_or_h1,CANONICAL_PRE_RECONCILIATION,ARBRE_CANONIC.csv
"Mercados, Activos e Instrumentos Financieros > Mercados > Economía y mercados financieros","Mercados, Activos e Instrumentos Financieros > Mercados",3,"Mercados, Activos e Instrumentos Financieros",Economía y mercados financieros,ARTICLE,MASTER_ARTICLE,V05_MASS_REVIEW_CLOSED,0.0,0.0,6,N_f9fe14b84955,N_37f447d9c170,A_895735f2501f,Economia_y_mercados_financieros.md,OWN_ARTICLE,EXACT,physical_filename_or_h1,CANONICAL_PRE_RECONCILIATION,ARBRE_CANONIC.csv
"Mercados, Activos e Instrumentos Financieros > Mercados > Economía y mercados financieros > Burbujas Financieras","Mercados, Activos e Instrumentos Financieros > Mercados > Economía y mercados financieros",4,"Mercados, Activos e Instrumentos Financieros",Burbujas Financieras,ARTICLE,LEAF_ARTICLE,V05_MASS_REVIEW_CLOSED,1.0,2.0,0,N_fbbce20099b2,N_f9fe14b84955,A_d45da9297a29,Burbujas_Financieras.md,OWN_ARTICLE,EXACT,physical_filename_or_h1,CANONICAL_PRE_RECONCILIATION,ARBRE_CANONIC.csv
"Mercados, Activos e Instrumentos Financieros > Mercados > Economía y mercados financieros > Ciclos de los Mercados","Mercados, Activos e Instrumentos Financieros > Mercados > Economía y mercados financieros",4,"Mercados, Activos e Instrumentos Financieros",Ciclos de los Mercados,ARTICLE,LEAF_ARTICLE,V05_MASS_REVIEW_CLOSED,1.0,3.0,1,N_2010021ef0eb,N_f9fe14b84955,A_2117352ebf9e,Ciclos_de_los_Mercados.md,OWN_ARTICLE,EXACT,physical_filename_or_h1,CANONICAL_PRE_RECONCILIATION,ARBRE_CANONIC.csv
"Mercados, Activos e Instrumentos Financieros > Mercados > Economía y mercados financieros > Ciclos Financieros","Mercados, Activos e Instrumentos Financieros > Mercados > Economía y mercados financieros",4,"Mercados, Activos e Instrumentos Financieros",Ciclos Financieros,ARTICLE,LEAF_ARTICLE,V05_MASS_REVIEW_CLOSED,1.0,1.0,5,N_55ae250443ce,N_f9fe14b84955,A_3e0269b466f8,Ciclos_Financieros.md,OWN_ARTICLE,EXACT,physical_filename_or_h1,CANONICAL_PRE_RECONCILIATION,ARBRE_CANONIC.csv
"Mercados, Activos e Instrumentos Financieros > Mercados > Economía y mercados financieros > Crashes de los Mercados","Mercados, Activos e Instrumentos Financieros > Mercados > Economía y mercados financieros",4,"Mercados, Activos e Instrumentos Financieros",Crashes de los Mercados,ARTICLE,LEAF_ARTICLE,V05_MASS_REVIEW_CLOSED,1.0,2.0,6,N_1c27d08be472,N_f9fe14b84955,A_343b1baa951c,Crashes_de_los_Mercados.md,OWN_ARTICLE,EXACT,physical_filename_or_h1,CANONICAL_PRE_RECONCILIATION,ARBRE_CANONIC.csv
"Mercados, Activos e Instrumentos Financieros > Mercados > Economía y mercados financieros > Crisis Financieras","Mercados, Activos e Instrumentos Financieros > Mercados > Economía y mercados financieros",4,"Mercados, Activos e Instrumentos Financieros",Crisis Financieras,ARTICLE,LEAF_ARTICLE,V05_MASS_REVIEW_CLOSED,1.0,2.0,7,N_6002369be7c1,N_f9fe14b84955,A_4f3085db3bf7,Crisis_Financieras.md,OWN_ARTICLE,EXACT,physical_filename_or_h1,CANONICAL_PRE_RECONCILIATION,ARBRE_CANONIC.csv
"Mercados, Activos e Instrumentos Financieros > Activos e Instrumentos Financieros","Mercados, Activos e Instrumentos Financieros",2,"Mercados, Activos e Instrumentos Financieros",Activos e Instrumentos Financieros,ARTICLE,MASTER_ARTICLE,V05_MASS_REVIEW_CLOSED,13.0,12.0,1,N_635694fca557,N_a16e72bbf35e,A_2415556c3562,Activos_e_Instrumentos_Financieros.md,OWN_ARTICLE,EXACT,physical_filename_or_h1,CANONICAL_PRE_RECONCILIATION,ARBRE_CANONIC.csv
"Mercados, Activos e Instrumentos Financieros > Activos e Instrumentos Financieros > Fundamentos > Activo, instrumento y producto financiero","Mercados, Activos e Instrumentos Financieros > Activos e Instrumentos Financieros > Fundamentos",3,"Mercados, Activos e Instrumentos Financieros","Activo, instrumento y producto financiero",ARTICLE,LEAF_ARTICLE,V05_MASS_REVIEW_CLOSED,1.0,1.0,0,N_f631df74d839,N_9e32258ff947,A_3204ca46897c,Activo_instrumento_y_producto_financiero.md,OWN_ARTICLE,EXACT,physical_filename_or_h1,CANONICAL_PRE_RECONCILIATION,ARBRE_CANONIC.csv
"Mercados, Activos e Instrumentos Financieros > Activos e Instrumentos Financieros > Renta variable","Mercados, Activos e Instrumentos Financieros > Activos e Instrumentos Financieros",3,"Mercados, Activos e Instrumentos Financieros",Renta variable,ARTICLE,MASTER_ARTICLE,V05_MASS_REVIEW_CLOSED,4.0,4.0,1,N_bc6933a9db9a,N_635694fca557,A_5edeaa94a4eb,Renta_Variable.md,OWN_ARTICLE,EXACT,physical_filename_or_h1,CANONICAL_PRE_RECONCILIATION,ARBRE_CANONIC.csv
"Mercados, Activos e Instrumentos Financieros > Activos e Instrumentos Financieros > Renta variable > Principales Sectores y Compañias mundiales","Mercados, Activos e Instrumentos Financieros > Activos e Instrumentos Financieros > Renta variable",4,"Mercados, Activos e Instrumentos Financieros",Principales Sectores y Compañias mundiales,ARTICLE,LEAF_ARTICLE,V05_MASS_REVIEW_CLOSED,1.0,0.0,0,N_b0a415a89611,N_bc6933a9db9a,A_0e0f7d67f3cf,Principales_Sectores_y_Companias_mundiales.md,OWN_ARTICLE,EXACT,physical_filename_or_h1,CANONICAL_PRE_RECONCILIATION,ARBRE_CANONIC.csv
"Mercados, Activos e Instrumentos Financieros > Activos e Instrumentos Financieros > Renta variable > Acciones","Mercados, Activos e Instrumentos Financieros > Activos e Instrumentos Financieros > Renta variable",4,"Mercados, Activos e Instrumentos Financieros",Acciones,ARTICLE,MASTER_ARTICLE,V05_MASS_REVIEW_CLOSED,12.0,13.0,1,N_3dd5c1c0b75c,N_bc6933a9db9a,A_c68c82105bf4,Acciones.md,OWN_ARTICLE,EXACT,physical_filename_or_h1,CANONICAL_PRE_RECONCILIATION,ARBRE_CANONIC.csv
"Mercados, Activos e Instrumentos Financieros > Activos e Instrumentos Financieros > Renta variable > Acciones > Efecto de los Pagos de Dividendos","Mercados, Activos e Instrumentos Financieros > Activos e Instrumentos Financieros > Renta variable > Acciones",5,"Mercados, Activos e Instrumentos Financieros",Efecto de los Pagos de Dividendos,ARTICLE,LEAF_ARTICLE,V05_MASS_REVIEW_CLOSED,1.0,1.0,1,N_7271015a7005,N_3dd5c1c0b75c,A_09e03c008fc9,Efecto_de_los_Pagos_de_Dividendos.md,OWN_ARTICLE,EXACT,physical_filename_or_h1,CANONICAL_PRE_RECONCILIATION,ARBRE_CANONIC.csv
"Mercados, Activos e Instrumentos Financieros > Activos e Instrumentos Financieros > Renta variable > Acciones > Factores que influyen en el Precio","Mercados, Activos e Instrumentos Financieros > Activos e Instrumentos Financieros > Renta variable > Acciones",5,"Mercados, Activos e Instrumentos Financieros",Factores que influyen en el Precio,ARTICLE,LEAF_ARTICLE,V05_MASS_REVIEW_CLOSED,1.0,1.0,2,N_94f414a5f1ef,N_3dd5c1c0b75c,A_962a0a3d5b5e,Factores_que_influyen_en_el_Precio.md,OWN_ARTICLE,EXACT,physical_filename_or_h1,CANONICAL_PRE_RECONCILIATION,ARBRE_CANONIC.csv
"Mercados, Activos e Instrumentos Financieros > Activos e Instrumentos Financieros > Renta variable > Acciones > Operaciones y eventos corporativos","Mercados, Activos e Instrumentos Financieros > Activos e Instrumentos Financieros > Renta variable > Acciones",5,"Mercados, Activos e Instrumentos Financieros",Operaciones y eventos corporativos,ARTICLE,LEAF_ARTICLE,V05_MASS_REVIEW_CLOSED,0.0,0.0,4,N_7b3439e2d27a,N_3dd5c1c0b75c,A_a41bea758f46,Operaciones_y_eventos_corporativos.md,OWN_ARTICLE,EXACT,physical_filename_or_h1,CANONICAL_PRE_RECONCILIATION,ARBRE_CANONIC.csv
"Mercados, Activos e Instrumentos Financieros > Activos e Instrumentos Financieros > Renta variable > Índices","Mercados, Activos e Instrumentos Financieros > Activos e Instrumentos Financieros > Renta variable",4,"Mercados, Activos e Instrumentos Financieros",Índices,ARTICLE,MASTER_ARTICLE,V05_MASS_REVIEW_CLOSED,15.0,16.0,3,N_868e61ce8cbf,N_bc6933a9db9a,A_301e47f49418,Indices.md,OWN_ARTICLE,EXACT,physical_filename_or_h1,CANONICAL_PRE_RECONCILIATION,ARBRE_CANONIC.csv
"Mercados, Activos e Instrumentos Financieros > Activos e Instrumentos Financieros > Renta variable > Índices > Métodos de cálculo y formación","Mercados, Activos e Instrumentos Financieros > Activos e Instrumentos Financieros > Renta variable > Índices",5,"Mercados, Activos e Instrumentos Financieros",Métodos de cálculo y formación,ARTICLE,LEAF_ARTICLE,V05_MASS_REVIEW_CLOSED,1.0,1.0,6,N_7555a30af060,N_868e61ce8cbf,A_8bb70563eb72,Metodos_de_calculo_y_formacion.md,OWN_ARTICLE,EXACT,physical_filename_or_h1,CANONICAL_PRE_RECONCILIATION,ARBRE_CANONIC.csv
"Mercados, Activos e Instrumentos Financieros > Activos e Instrumentos Financieros > Renta fija","Mercados, Activos e Instrumentos Financieros > Activos e Instrumentos Financieros",3,"Mercados, Activos e Instrumentos Financieros",Renta fija,ARTICLE,MASTER_ARTICLE,V05_MASS_REVIEW_CLOSED,4.0,4.0,2,N_bd4dca59d35c,N_635694fca557,A_2c8b59f8099f,Renta_Fija.md,OWN_ARTICLE,EXACT,physical_filename_or_h1,CANONICAL_PRE_RECONCILIATION,ARBRE_CANONIC.csv
"Mercados, Activos e Instrumentos Financieros > Activos e Instrumentos Financieros > Renta fija > Fundamentos de valoración de renta fija","Mercados, Activos e Instrumentos Financieros > Activos e Instrumentos Financieros > Renta fija",4,"Mercados, Activos e Instrumentos Financieros",Fundamentos de valoración de renta fija,ARTICLE,LEAF_ARTICLE,V05_MASS_REVIEW_CLOSED,0.0,0.0,0,N_b1bc4dd56058,N_bd4dca59d35c,A_1a5c4b88f0a1,Fundamentos_de_valoracion_de_renta_fija.md,OWN_ARTICLE,EXACT,physical_filename_or_h1,CANONICAL_PRE_RECONCILIATION,ARBRE_CANONIC.csv
"Mercados, Activos e Instrumentos Financieros > Activos e Instrumentos Financieros > Renta fija > Análisis de crédito","Mercados, Activos e Instrumentos Financieros > Activos e Instrumentos Financieros > Renta fija",4,"Mercados, Activos e Instrumentos Financieros",Análisis de crédito,ARTICLE,LEAF_ARTICLE,V05_MASS_REVIEW_CLOSED,0.0,0.0,1,N_15c4a7255848,N_bd4dca59d35c,A_27e776826a85,Analisis_de_credito.md,OWN_ARTICLE,EXACT,physical_filename_or_h1,CANONICAL_PRE_RECONCILIATION,ARBRE_CANONIC.csv
"Mercados, Activos e Instrumentos Financieros > Activos e Instrumentos Financieros > Renta fija > Bonos","Mercados, Activos e Instrumentos Financieros > Activos e Instrumentos Financieros > Renta fija",4,"Mercados, Activos e Instrumentos Financieros",Bonos,ARTICLE,LEAF_ARTICLE,V05_MASS_REVIEW_CLOSED,1.0,1.0,2,N_b113bfcb8d23,N_bd4dca59d35c,A_a0d4bfc07a54,Bonos.md,OWN_ARTICLE,EXACT,physical_filename_or_h1,CANONICAL_PRE_RECONCILIATION,ARBRE_CANONIC.csv
"Mercados, Activos e Instrumentos Financieros > Activos e Instrumentos Financieros > Renta fija > Curva de tipos y estructura temporal","Mercados, Activos e Instrumentos Financieros > Activos e Instrumentos Financieros > Renta fija",4,"Mercados, Activos e Instrumentos Financieros",Curva de tipos y estructura temporal,ARTICLE,MASTER_ARTICLE,V05_MASS_REVIEW_CLOSED,0.0,0.0,3,N_a0f1d6470e64,N_bd4dca59d35c,A_9f3baafaf2d3,Curva_de_tipos_y_estructura_temporal.md,OWN_ARTICLE,EXACT,physical_filename_or_h1,CANONICAL_PRE_RECONCILIATION,ARBRE_CANONIC.csv
"Mercados, Activos e Instrumentos Financieros > Activos e Instrumentos Financieros > Renta fija > Curva de tipos y estructura temporal > Tipos spot, tipos forward y tasas par","Mercados, Activos e Instrumentos Financieros > Activos e Instrumentos Financieros > Renta fija > Curva de tipos y estructura temporal",5,"Mercados, Activos e Instrumentos Financieros","Tipos spot, tipos forward y tasas par",ARTICLE,LEAF_ARTICLE,V05_MASS_REVIEW_CLOSED,0.0,0.0,0,N_37b945b73279,N_a0f1d6470e64,A_24cae86d4748,Tipos_spot_tipos_forward_y_tasas_par.md,OWN_ARTICLE,EXACT,physical_filename_or_h1,CANONICAL_PRE_RECONCILIATION,ARBRE_CANONIC.csv
"Mercados, Activos e Instrumentos Financieros > Activos e Instrumentos Financieros > Renta fija > Deuda corporativa","Mercados, Activos e Instrumentos Financieros > Activos e Instrumentos Financieros > Renta fija",4,"Mercados, Activos e Instrumentos Financieros",Deuda corporativa,ARTICLE,LEAF_ARTICLE,V05_MASS_REVIEW_CLOSED,1.0,1.0,4,N_45dd22e480ab,N_bd4dca59d35c,A_ff3c9813c608,Deuda_corporativa.md,OWN_ARTICLE,EXACT,physical_filename_or_h1,CANONICAL_PRE_RECONCILIATION,ARBRE_CANONIC.csv
"Mercados, Activos e Instrumentos Financieros > Activos e Instrumentos Financieros > Renta fija > Deuda pública y soberana","Mercados, Activos e Instrumentos Financieros > Activos e Instrumentos Financieros > Renta fija",4,"Mercados, Activos e Instrumentos Financieros",Deuda pública y soberana,ARTICLE,LEAF_ARTICLE,V05_MASS_REVIEW_CLOSED,0.0,0.0,5,N_278f0c0845a5,N_bd4dca59d35c,A_00d7a2796247,Deuda_publica_y_soberana.md,OWN_ARTICLE,EXACT,physical_filename_or_h1,CANONICAL_PRE_RECONCILIATION,ARBRE_CANONIC.csv
"Mercados, Activos e Instrumentos Financieros > Activos e Instrumentos Financieros > Renta fija > Duración y convexidad","Mercados, Activos e Instrumentos Financieros > Activos e Instrumentos Financieros > Renta fija",4,"Mercados, Activos e Instrumentos Financieros",Duración y convexidad,ARTICLE,LEAF_ARTICLE,V05_MASS_REVIEW_CLOSED,0.0,0.0,6,N_cdbc0f331636,N_bd4dca59d35c,A_4a4f75e03d99,Duracion_y_convexidad.md,OWN_ARTICLE,EXACT,physical_filename_or_h1,CANONICAL_PRE_RECONCILIATION,ARBRE_CANONIC.csv
"Mercados, Activos e Instrumentos Financieros > Activos e Instrumentos Financieros > Renta fija > Letras","Mercados, Activos e Instrumentos Financieros > Activos e Instrumentos Financieros > Renta fija",4,"Mercados, Activos e Instrumentos Financieros",Letras,ARTICLE,LEAF_ARTICLE,V05_MASS_REVIEW_CLOSED,1.0,1.0,7,N_f1ab61c5ac7c,N_bd4dca59d35c,A_68b474954af5,Letras.md,OWN_ARTICLE,EXACT,physical_filename_or_h1,CANONICAL_PRE_RECONCILIATION,ARBRE_CANONIC.csv
"Mercados, Activos e Instrumentos Financieros > Activos e Instrumentos Financieros > Renta fija > Mercado monetario e instrumentos a corto plazo","Mercados, Activos e Instrumentos Financieros > Activos e Instrumentos Financieros > Renta fija",4,"Mercados, Activos e Instrumentos Financieros",Mercado monetario e instrumentos a corto plazo,ARTICLE,MASTER_ARTICLE,V05_MASS_REVIEW_CLOSED,0.0,0.0,8,N_43ee0ebf8a46,N_bd4dca59d35c,A_66607f330834,Mercado_monetario_e_instrumentos_a_corto_plazo.md,OWN_ARTICLE,EXACT,physical_filename_or_h1,CANONICAL_PRE_RECONCILIATION,ARBRE_CANONIC.csv
"Mercados, Activos e Instrumentos Financieros > Activos e Instrumentos Financieros > Renta fija > Mercado monetario e instrumentos a corto plazo > Repos y financiación garantizada","Mercados, Activos e Instrumentos Financieros > Activos e Instrumentos Financieros > Renta fija > Mercado monetario e instrumentos a corto plazo",5,"Mercados, Activos e Instrumentos Financieros",Repos y financiación garantizada,ARTICLE,LEAF_ARTICLE,V05_MASS_REVIEW_CLOSED,0.0,0.0,0,N_076cefb0174c,N_43ee0ebf8a46,A_ff045da87a34,Repos_y_financiacion_garantizada.md,OWN_ARTICLE,EXACT,physical_filename_or_h1,CANONICAL_PRE_RECONCILIATION,ARBRE_CANONIC.csv
"Mercados, Activos e Instrumentos Financieros > Activos e Instrumentos Financieros > Renta fija > Pagarés","Mercados, Activos e Instrumentos Financieros > Activos e Instrumentos Financieros > Renta fija",4,"Mercados, Activos e Instrumentos Financieros",Pagarés,ARTICLE,LEAF_ARTICLE,V05_MASS_REVIEW_CLOSED,1.0,1.0,10,N_61dfc53232d2,N_bd4dca59d35c,A_92eee1ac1b3f,Pagares.md,OWN_ARTICLE,EXACT,physical_filename_or_h1,CANONICAL_PRE_RECONCILIATION,ARBRE_CANONIC.csv
"Mercados, Activos e Instrumentos Financieros > Activos e Instrumentos Financieros > Renta fija > Rendimiento (yield) y medidas de rentabilidad","Mercados, Activos e Instrumentos Financieros > Activos e Instrumentos Financieros > Renta fija",4,"Mercados, Activos e Instrumentos Financieros",Rendimiento (yield) y medidas de rentabilidad,ARTICLE,LEAF_ARTICLE,V05_MASS_REVIEW_CLOSED,0.0,0.0,11,N_54375e2e1c49,N_bd4dca59d35c,A_7ccc12036031,Rendimiento_yield_y_medidas_de_rentabilidad.md,OWN_ARTICLE,EXACT,physical_filename_or_h1,CANONICAL_PRE_RECONCILIATION,ARBRE_CANONIC.csv
"Mercados, Activos e Instrumentos Financieros > Activos e Instrumentos Financieros > Renta fija > Titulización y productos estructurados de crédito","Mercados, Activos e Instrumentos Financieros > Activos e Instrumentos Financieros > Renta fija",4,"Mercados, Activos e Instrumentos Financieros",Titulización y productos estructurados de crédito,ARTICLE,LEAF_ARTICLE,V05_MASS_REVIEW_CLOSED,0.0,0.0,12,N_c25648bc1f5c,N_bd4dca59d35c,A_d66c9454199f,Titulizacion_y_productos_estructurados_de_credito.md,OWN_ARTICLE,EXACT,physical_filename_or_h1,CANONICAL_PRE_RECONCILIATION,ARBRE_CANONIC.csv
"Mercados, Activos e Instrumentos Financieros > Activos e Instrumentos Financieros > Renta fija > Riesgo de crédito y spreads","Mercados, Activos e Instrumentos Financieros > Activos e Instrumentos Financieros > Renta fija",4,"Mercados, Activos e Instrumentos Financieros",Riesgo de crédito y spreads,ARTICLE,LEAF_ARTICLE,V05_MASS_REVIEW_CLOSED,0.0,0.0,13,N_c8a217a2b25a,N_bd4dca59d35c,A_1e861089d78a,Riesgo_de_credito_y_spreads.md,OWN_ARTICLE,EXACT,physical_filename_or_h1,CANONICAL_PRE_RECONCILIATION,ARBRE_CANONIC.csv
"Mercados, Activos e Instrumentos Financieros > Activos e Instrumentos Financieros > Renta fija > Riesgo de tipos de interés","Mercados, Activos e Instrumentos Financieros > Activos e Instrumentos Financieros > Renta fija",4,"Mercados, Activos e Instrumentos Financieros",Riesgo de tipos de interés,ARTICLE,LEAF_ARTICLE,V05_MASS_REVIEW_CLOSED,0.0,0.0,14,N_b63bf9bff741,N_bd4dca59d35c,A_8ccbabd9b257,Riesgo_de_tipos_de_interes.md,OWN_ARTICLE,EXACT,physical_filename_or_h1,CANONICAL_PRE_RECONCILIATION,ARBRE_CANONIC.csv
"Mercados, Activos e Instrumentos Financieros > Activos e Instrumentos Financieros > Divisas","Mercados, Activos e Instrumentos Financieros > Activos e Instrumentos Financieros",3,"Mercados, Activos e Instrumentos Financieros",Divisas,ARTICLE,MASTER_ARTICLE,V05_MASS_REVIEW_CLOSED,7.0,9.0,3,N_0f61e726f363,N_635694fca557,A_2415556c3562,Activos_e_Instrumentos_Financieros.md,SECTION_IN_ANCESTOR_ARTICLE,EXACT_HEADING,physical_heading,CANONICAL_PRE_RECONCILIATION,ARBRE_CANONIC.csv
"Mercados, Activos e Instrumentos Financieros > Activos e Instrumentos Financieros > Divisas > Principales Divisas","Mercados, Activos e Instrumentos Financieros > Activos e Instrumentos Financieros > Divisas",4,"Mercados, Activos e Instrumentos Financieros",Principales Divisas,ARTICLE,LEAF_ARTICLE,V05_MASS_REVIEW_CLOSED,1.0,1.0,0,N_097c9b6d04a7,N_0f61e726f363,A_2415556c3562,Activos_e_Instrumentos_Financieros.md,SECTION_IN_ANCESTOR_ARTICLE,EDITORIAL_STRUCTURE_VERIFIED,canonical_parent_article,CANONICAL_PRE_RECONCILIATION,ARBRE_CANONIC.csv
"Mercados, Activos e Instrumentos Financieros > Activos e Instrumentos Financieros > Divisas > Tipos y Caracteristicas de Divisas","Mercados, Activos e Instrumentos Financieros > Activos e Instrumentos Financieros > Divisas",4,"Mercados, Activos e Instrumentos Financieros",Tipos y Caracteristicas de Divisas,ARTICLE,LEAF_ARTICLE,V05_MASS_REVIEW_CLOSED,1.0,1.0,1,N_587467bd83fc,N_0f61e726f363,A_2415556c3562,Activos_e_Instrumentos_Financieros.md,SECTION_IN_ANCESTOR_ARTICLE,EDITORIAL_STRUCTURE_VERIFIED,canonical_parent_article,CANONICAL_PRE_RECONCILIATION,ARBRE_CANONIC.csv
"Mercados, Activos e Instrumentos Financieros > Activos e Instrumentos Financieros > Divisas > Bancos Centrales y Divisas","Mercados, Activos e Instrumentos Financieros > Activos e Instrumentos Financieros > Divisas",4,"Mercados, Activos e Instrumentos Financieros",Bancos Centrales y Divisas,ARTICLE,LEAF_ARTICLE,V05_MASS_REVIEW_CLOSED,1.0,1.0,4,N_2f93094e73e6,N_0f61e726f363,A_2415556c3562,Activos_e_Instrumentos_Financieros.md,SECTION_IN_ANCESTOR_ARTICLE,EDITORIAL_STRUCTURE_VERIFIED,canonical_parent_article,CANONICAL_PRE_RECONCILIATION,ARBRE_CANONIC.csv
"Mercados, Activos e Instrumentos Financieros > Activos e Instrumentos Financieros > Divisas > CDBCs","Mercados, Activos e Instrumentos Financieros > Activos e Instrumentos Financieros > Divisas",4,"Mercados, Activos e Instrumentos Financieros",CDBCs,ARTICLE,LEAF_ARTICLE,V05_MASS_REVIEW_CLOSED,1.0,1.0,8,N_3418a8706b84,N_0f61e726f363,A_2415556c3562,Activos_e_Instrumentos_Financieros.md,SECTION_IN_ANCESTOR_ARTICLE,EDITORIAL_STRUCTURE_VERIFIED,canonical_parent_article,CANONICAL_PRE_RECONCILIATION,ARBRE_CANONIC.csv
"Mercados, Activos e Instrumentos Financieros > Activos e Instrumentos Financieros > Divisas > Divisas Fijas o Intervenidas","Mercados, Activos e Instrumentos Financieros > Activos e Instrumentos Financieros > Divisas",4,"Mercados, Activos e Instrumentos Financieros",Divisas Fijas o Intervenidas,ARTICLE,LEAF_ARTICLE,V05_MASS_REVIEW_CLOSED,1.0,1.0,10,N_c15f385f46b1,N_0f61e726f363,A_2415556c3562,Activos_e_Instrumentos_Financieros.md,SECTION_IN_ANCESTOR_ARTICLE,EDITORIAL_STRUCTURE_VERIFIED,canonical_parent_article,CANONICAL_PRE_RECONCILIATION,ARBRE_CANONIC.csv
"Mercados, Activos e Instrumentos Financieros > Activos e Instrumentos Financieros > Divisas > Pares y cruces de divisas","Mercados, Activos e Instrumentos Financieros > Activos e Instrumentos Financieros > Divisas",4,"Mercados, Activos e Instrumentos Financieros",Pares y cruces de divisas,ARTICLE,MASTER_ARTICLE,V05_MASS_REVIEW_CLOSED,8.0,7.0,14,N_4e227fe01f8f,N_0f61e726f363,A_2415556c3562,Activos_e_Instrumentos_Financieros.md,SECTION_IN_ANCESTOR_ARTICLE,EDITORIAL_STRUCTURE_VERIFIED,canonical_parent_article,CANONICAL_PRE_RECONCILIATION,ARBRE_CANONIC.csv
"Mercados, Activos e Instrumentos Financieros > Activos e Instrumentos Financieros > Materias primas","Mercados, Activos e Instrumentos Financieros > Activos e Instrumentos Financieros",3,"Mercados, Activos e Instrumentos Financieros",Materias primas,ARTICLE,MASTER_ARTICLE,V05_MASS_REVIEW_CLOSED,22.0,20.0,4,N_edf438319a90,N_635694fca557,A_2415556c3562,Activos_e_Instrumentos_Financieros.md,SECTION_IN_ANCESTOR_ARTICLE,EXACT_HEADING,physical_heading,CANONICAL_PRE_RECONCILIATION,ARBRE_CANONIC.csv
"Mercados, Activos e Instrumentos Financieros > Activos e Instrumentos Financieros > Materias primas > Agrícolas","Mercados, Activos e Instrumentos Financieros > Activos e Instrumentos Financieros > Materias primas",4,"Mercados, Activos e Instrumentos Financieros",Agrícolas,ARTICLE,LEAF_ARTICLE,V05_MASS_REVIEW_CLOSED,8.0,8.0,0,N_0dcd81c7c9be,N_edf438319a90,A_c1167ef379ac,Agricolas.md,OWN_ARTICLE,EXACT,physical_filename_or_h1,CANONICAL_PRE_RECONCILIATION,ARBRE_CANONIC.csv
"Mercados, Activos e Instrumentos Financieros > Activos e Instrumentos Financieros > Materias primas > Energía","Mercados, Activos e Instrumentos Financieros > Activos e Instrumentos Financieros > Materias primas",4,"Mercados, Activos e Instrumentos Financieros",Energía,ARTICLE,MASTER_ARTICLE,V05_MASS_REVIEW_CLOSED,0.0,0.0,1,N_0181be03cbb9,N_edf438319a90,A_0b63e838d170,Energia.md,OWN_ARTICLE,EXACT,physical_filename_or_h1,CANONICAL_PRE_RECONCILIATION,ARBRE_CANONIC.csv
"Mercados, Activos e Instrumentos Financieros > Activos e Instrumentos Financieros > Materias primas > Energía > Energías fósiles","Mercados, Activos e Instrumentos Financieros > Activos e Instrumentos Financieros > Materias primas > Energía",5,"Mercados, Activos e Instrumentos Financieros",Energías fósiles,ARTICLE,LEAF_ARTICLE,V05_MASS_REVIEW_CLOSED,5.0,5.0,1,N_8dab3e9bac47,N_0181be03cbb9,A_307c9fcb7230,Energias_fosiles.md,OWN_ARTICLE,EXACT,physical_filename_or_h1,CANONICAL_PRE_RECONCILIATION,ARBRE_CANONIC.csv
"Mercados, Activos e Instrumentos Financieros > Activos e Instrumentos Financieros > Materias primas > Energía > Energías fósiles > Petróleo","Mercados, Activos e Instrumentos Financieros > Activos e Instrumentos Financieros > Materias primas > Energía > Energías fósiles",6,"Mercados, Activos e Instrumentos Financieros",Petróleo,ARTICLE,LEAF_ARTICLE,V05_MASS_REVIEW_CLOSED,20.0,22.0,3,N_01c2f23b9dec,N_8dab3e9bac47,A_9a724d3cfa9d,Petroleo.md,OWN_ARTICLE,EXACT,physical_filename_or_h1,CANONICAL_PRE_RECONCILIATION,ARBRE_CANONIC.csv
"Mercados, Activos e Instrumentos Financieros > Activos e Instrumentos Financieros > Materias primas > Ganadería / Livestock","Mercados, Activos e Instrumentos Financieros > Activos e Instrumentos Financieros > Materias primas",4,"Mercados, Activos e Instrumentos Financieros",Ganadería / Livestock,ARTICLE,LEAF_ARTICLE,V05_MASS_REVIEW_CLOSED,4.0,4.0,2,N_d3b2fde93b52,N_edf438319a90,A_d67eb8be05a1,Ganaderia_Livestock.md,OWN_ARTICLE,EXACT,physical_filename_or_h1,CANONICAL_PRE_RECONCILIATION,ARBRE_CANONIC.csv
"Mercados, Activos e Instrumentos Financieros > Activos e Instrumentos Financieros > Materias primas > Metales","Mercados, Activos e Instrumentos Financieros > Activos e Instrumentos Financieros > Materias primas",4,"Mercados, Activos e Instrumentos Financieros",Metales,ARTICLE,MASTER_ARTICLE,V05_MASS_REVIEW_CLOSED,1.0,1.0,7,N_c708e2c9400f,N_edf438319a90,A_c875ff5eb47a,Metales.md,OWN_ARTICLE,EXACT,physical_filename_or_h1,CANONICAL_PRE_RECONCILIATION,ARBRE_CANONIC.csv
"Mercados, Activos e Instrumentos Financieros > Activos e Instrumentos Financieros > Materias primas > Metales > Metales base","Mercados, Activos e Instrumentos Financieros > Activos e Instrumentos Financieros > Materias primas > Metales",5,"Mercados, Activos e Instrumentos Financieros",Metales base,ARTICLE,LEAF_ARTICLE,V05_MASS_REVIEW_CLOSED,9.0,9.0,0,N_810731ca66fa,N_c708e2c9400f,A_3754832eec1e,Metales_base.md,OWN_ARTICLE,EXACT,physical_filename_or_h1,CANONICAL_PRE_RECONCILIATION,ARBRE_CANONIC.csv
"Mercados, Activos e Instrumentos Financieros > Activos e Instrumentos Financieros > Materias primas > Metales > Metales estratégicos","Mercados, Activos e Instrumentos Financieros > Activos e Instrumentos Financieros > Materias primas > Metales",5,"Mercados, Activos e Instrumentos Financieros",Metales estratégicos,ARTICLE,LEAF_ARTICLE,V05_MASS_REVIEW_CLOSED,7.0,7.0,1,N_aee610b3ba76,N_c708e2c9400f,A_cf493bc29a47,Metales_estrategicos.md,OWN_ARTICLE,EXACT,physical_filename_or_h1,CANONICAL_PRE_RECONCILIATION,ARBRE_CANONIC.csv
"Mercados, Activos e Instrumentos Financieros > Activos e Instrumentos Financieros > Materias primas > Metales > Metales preciosos","Mercados, Activos e Instrumentos Financieros > Activos e Instrumentos Financieros > Materias primas > Metales",5,"Mercados, Activos e Instrumentos Financieros",Metales preciosos,ARTICLE,MASTER_ARTICLE,V05_MASS_REVIEW_CLOSED,29.0,28.0,2,N_0821f61c3d2f,N_c708e2c9400f,A_36fc79508a6a,Metales_preciosos.md,OWN_ARTICLE,EXACT,physical_filename_or_h1,CANONICAL_PRE_RECONCILIATION,ARBRE_CANONIC.csv
"Mercados, Activos e Instrumentos Financieros > Activos e Instrumentos Financieros > Materias primas > Metales > Metales preciosos > Oro","Mercados, Activos e Instrumentos Financieros > Activos e Instrumentos Financieros > Materias primas > Metales > Metales preciosos",6,"Mercados, Activos e Instrumentos Financieros",Oro,ARTICLE,LEAF_ARTICLE,V05_MASS_REVIEW_CLOSED,0.0,0.0,0,N_b29cf3a26579,N_0821f61c3d2f,A_a02dda8fe1f7,Oro.md,OWN_ARTICLE,EXACT,physical_filename_or_h1,CANONICAL_PRE_RECONCILIATION,ARBRE_CANONIC.csv
"Mercados, Activos e Instrumentos Financieros > Activos e Instrumentos Financieros > Derivados financieros","Mercados, Activos e Instrumentos Financieros > Activos e Instrumentos Financieros",3,"Mercados, Activos e Instrumentos Financieros",Derivados financieros,ARTICLE,MASTER_ARTICLE,V05_MASS_REVIEW_CLOSED,12.0,11.0,5,N_aa15cac4394e,N_635694fca557,A_efcc24602162,Derivados_Financieros.md,OWN_ARTICLE,EXACT,physical_filename_or_h1,CANONICAL_PRE_RECONCILIATION,ARBRE_CANONIC.csv
"Mercados, Activos e Instrumentos Financieros > Activos e Instrumentos Financieros > Derivados financieros > Principios de valoración y no arbitraje","Mercados, Activos e Instrumentos Financieros > Activos e Instrumentos Financieros > Derivados financieros",4,"Mercados, Activos e Instrumentos Financieros",Principios de valoración y no arbitraje,ARTICLE,LEAF_ARTICLE,V05_MASS_REVIEW_CLOSED,0.0,0.0,0,N_9bb73fdd1f16,N_aa15cac4394e,A_0701b8ad131e,Principios_de_valoracion_y_no_arbitraje.md,OWN_ARTICLE,EXACT,physical_filename_or_h1,CANONICAL_PRE_RECONCILIATION,ARBRE_CANONIC.csv
"Mercados, Activos e Instrumentos Financieros > Activos e Instrumentos Financieros > Derivados financieros > CDS (Credit Default Swaps)","Mercados, Activos e Instrumentos Financieros > Activos e Instrumentos Financieros > Derivados financieros",4,"Mercados, Activos e Instrumentos Financieros",CDS (Credit Default Swaps),ARTICLE,LEAF_ARTICLE,V05_MASS_REVIEW_CLOSED,1.0,1.0,1,N_e248e9516837,N_aa15cac4394e,A_f1d0761541a5,CDS_Credit_Default_Swaps.md,OWN_ARTICLE,EXACT,physical_filename_or_h1,CANONICAL_PRE_RECONCILIATION,ARBRE_CANONIC.csv
"Mercados, Activos e Instrumentos Financieros > Activos e Instrumentos Financieros > Derivados financieros > CFDs","Mercados, Activos e Instrumentos Financieros > Activos e Instrumentos Financieros > Derivados financieros",4,"Mercados, Activos e Instrumentos Financieros",CFDs,ARTICLE,LEAF_ARTICLE,V05_MASS_REVIEW_CLOSED,8.0,8.0,2,N_b24df844c13d,N_aa15cac4394e,A_9e9fabb8f8b4,CFDs.md,OWN_ARTICLE,EXACT,physical_filename_or_h1,CANONICAL_PRE_RECONCILIATION,ARBRE_CANONIC.csv
"Mercados, Activos e Instrumentos Financieros > Activos e Instrumentos Financieros > Derivados financieros > Forward Contracts","Mercados, Activos e Instrumentos Financieros > Activos e Instrumentos Financieros > Derivados financieros",4,"Mercados, Activos e Instrumentos Financieros",Forward Contracts,ARTICLE,LEAF_ARTICLE,V05_MASS_REVIEW_CLOSED,1.0,1.0,5,N_5c56ea13f378,N_aa15cac4394e,A_91ed8f124317,Forward_Contracts.md,OWN_ARTICLE,EXACT,physical_filename_or_h1,CANONICAL_PRE_RECONCILIATION,ARBRE_CANONIC.csv
"Mercados, Activos e Instrumentos Financieros > Activos e Instrumentos Financieros > Derivados financieros > Opciones","Mercados, Activos e Instrumentos Financieros > Activos e Instrumentos Financieros > Derivados financieros",4,"Mercados, Activos e Instrumentos Financieros",Opciones,ARTICLE,MASTER_ARTICLE,V05_MASS_REVIEW_CLOSED,16.0,16.0,6,N_442e5bf30eda,N_aa15cac4394e,A_3666358f842a,Opciones.md,OWN_ARTICLE,EXACT,physical_filename_or_h1,CANONICAL_PRE_RECONCILIATION,ARBRE_CANONIC.csv
"Mercados, Activos e Instrumentos Financieros > Activos e Instrumentos Financieros > Derivados financieros > Opciones > Volatilidad implícita y superficie de volatilidad","Mercados, Activos e Instrumentos Financieros > Activos e Instrumentos Financieros > Derivados financieros > Opciones",5,"Mercados, Activos e Instrumentos Financieros",Volatilidad implícita y superficie de volatilidad,ARTICLE,LEAF_ARTICLE,V05_MASS_REVIEW_CLOSED,0.0,0.0,17,N_7491aa34e9b0,N_442e5bf30eda,A_7f6bc406270d,Volatilidad_implicita_y_superficie_de_volatilidad.md,OWN_ARTICLE,EXACT,physical_filename_or_h1,CANONICAL_PRE_RECONCILIATION,ARBRE_CANONIC.csv
"Mercados, Activos e Instrumentos Financieros > Activos e Instrumentos Financieros > Derivados financieros > Opciones > Estrategias Simples y Complejas","Mercados, Activos e Instrumentos Financieros > Activos e Instrumentos Financieros > Derivados financieros > Opciones",5,"Mercados, Activos e Instrumentos Financieros",Estrategias Simples y Complejas,ARTICLE,LEAF_ARTICLE,V05_MASS_REVIEW_CLOSED,1.0,1.0,18,N_f2af73da928b,N_442e5bf30eda,A_2dfc042c2a87,Estrategias_Simples_y_Complejas.md,OWN_ARTICLE,EXACT,physical_filename_or_h1,CANONICAL_PRE_RECONCILIATION,ARBRE_CANONIC.csv
"Mercados, Activos e Instrumentos Financieros > Activos e Instrumentos Financieros > Derivados financieros > Spread betting","Mercados, Activos e Instrumentos Financieros > Activos e Instrumentos Financieros > Derivados financieros",4,"Mercados, Activos e Instrumentos Financieros",Spread betting,ARTICLE,LEAF_ARTICLE,V05_MASS_REVIEW_CLOSED,1.0,1.0,7,N_9a9c3499d185,N_aa15cac4394e,A_91253807629e,Spread_betting.md,OWN_ARTICLE,EXACT,physical_filename_or_h1,CANONICAL_PRE_RECONCILIATION,ARBRE_CANONIC.csv
"Mercados, Activos e Instrumentos Financieros > Activos e Instrumentos Financieros > Derivados financieros > Swaps","Mercados, Activos e Instrumentos Financieros > Activos e Instrumentos Financieros > Derivados financieros",4,"Mercados, Activos e Instrumentos Financieros",Swaps,ARTICLE,LEAF_ARTICLE,V05_MASS_REVIEW_CLOSED,6.0,6.0,9,N_0e87f9cf10b4,N_aa15cac4394e,A_fda0c37f2bac,Swaps.md,OWN_ARTICLE,EXACT,physical_filename_or_h1,CANONICAL_PRE_RECONCILIATION,ARBRE_CANONIC.csv
"Mercados, Activos e Instrumentos Financieros > Activos e Instrumentos Financieros > Derivados financieros > Turbos","Mercados, Activos e Instrumentos Financieros > Activos e Instrumentos Financieros > Derivados financieros",4,"Mercados, Activos e Instrumentos Financieros",Turbos,ARTICLE,LEAF_ARTICLE,V05_MASS_REVIEW_CLOSED,9.0,8.0,10,N_50f046cca089,N_aa15cac4394e,A_398da3ae8422,Turbos.md,OWN_ARTICLE,EXACT,physical_filename_or_h1,CANONICAL_PRE_RECONCILIATION,ARBRE_CANONIC.csv
"Mercados, Activos e Instrumentos Financieros > Activos e Instrumentos Financieros > Derivados financieros > Warrants","Mercados, Activos e Instrumentos Financieros > Activos e Instrumentos Financieros > Derivados financieros",4,"Mercados, Activos e Instrumentos Financieros",Warrants,ARTICLE,LEAF_ARTICLE,V05_MASS_REVIEW_CLOSED,10.0,10.0,11,N_cc84fc047fef,N_aa15cac4394e,A_4681339ce052,Warrants.md,OWN_ARTICLE,EXACT,physical_filename_or_h1,CANONICAL_PRE_RECONCILIATION,ARBRE_CANONIC.csv
"Mercados, Activos e Instrumentos Financieros > Activos e Instrumentos Financieros > Derivados financieros > Futuros","Mercados, Activos e Instrumentos Financieros > Activos e Instrumentos Financieros > Derivados financieros",4,"Mercados, Activos e Instrumentos Financieros",Futuros,ARTICLE,MASTER_ARTICLE,V05_MASS_REVIEW_CLOSED,14.0,14.0,12,N_7440ee86dbbc,N_aa15cac4394e,A_80f40487d191,Futuros.md,OWN_ARTICLE,EXACT,physical_filename_or_h1,CANONICAL_PRE_RECONCILIATION,ARBRE_CANONIC.csv
"Mercados, Activos e Instrumentos Financieros > Activos e Instrumentos Financieros > Derivados financieros > Futuros > Contango, backwardation y estructura temporal","Mercados, Activos e Instrumentos Financieros > Activos e Instrumentos Financieros > Derivados financieros > Futuros",5,"Mercados, Activos e Instrumentos Financieros","Contango, backwardation y estructura temporal",ARTICLE,LEAF_ARTICLE,V05_MASS_REVIEW_CLOSED,0.0,0.0,3,N_95c04c271f3c,N_7440ee86dbbc,A_80f40487d191,Futuros.md,SECTION_IN_ANCESTOR_ARTICLE,EDITORIAL_STRUCTURE_VERIFIED,canonical_parent_article,CANONICAL_PRE_RECONCILIATION,ARBRE_CANONIC.csv
"Mercados, Activos e Instrumentos Financieros > Activos e Instrumentos Financieros > Fondos y vehículos de inversión","Mercados, Activos e Instrumentos Financieros > Activos e Instrumentos Financieros",3,"Mercados, Activos e Instrumentos Financieros",Fondos y vehículos de inversión,ARTICLE,MASTER_ARTICLE,V05_MASS_REVIEW_CLOSED,0.0,0.0,6,N_7f7dfb1eeddf,N_635694fca557,A_e9cfe70e492c,Fondos_y_Vehiculos_de_Inversion.md,OWN_ARTICLE,EXACT,physical_filename_or_h1,CANONICAL_PRE_RECONCILIATION,ARBRE_CANONIC.csv
"Mercados, Activos e Instrumentos Financieros > Activos e Instrumentos Financieros > Fondos y vehículos de inversión > ETFs","Mercados, Activos e Instrumentos Financieros > Activos e Instrumentos Financieros > Fondos y vehículos de inversión",4,"Mercados, Activos e Instrumentos Financieros",ETFs,ARTICLE,LEAF_ARTICLE,V05_MASS_REVIEW_CLOSED,9.0,8.0,0,N_d062ff9035df,N_7f7dfb1eeddf,A_3ec0e3319ff3,ETFs.md,OWN_ARTICLE,EXACT,physical_filename_or_h1,CANONICAL_PRE_RECONCILIATION,ARBRE_CANONIC.csv
"Mercados, Activos e Instrumentos Financieros > Activos e Instrumentos Financieros > Fondos y vehículos de inversión > Fondos","Mercados, Activos e Instrumentos Financieros > Activos e Instrumentos Financieros > Fondos y vehículos de inversión",4,"Mercados, Activos e Instrumentos Financieros",Fondos,ARTICLE,LEAF_ARTICLE,V05_MASS_REVIEW_CLOSED,9.0,7.0,1,N_923b4d5386ef,N_7f7dfb1eeddf,A_0151d4150899,Fondos.md,OWN_ARTICLE,EXACT,physical_filename_or_h1,CANONICAL_PRE_RECONCILIATION,ARBRE_CANONIC.csv
"Mercados, Activos e Instrumentos Financieros > Activos e Instrumentos Financieros > Criptoactivos","Mercados, Activos e Instrumentos Financieros > Activos e Instrumentos Financieros",3,"Mercados, Activos e Instrumentos Financieros",Criptoactivos,ARTICLE,MASTER_ARTICLE,V05_MASS_REVIEW_CLOSED,6.0,7.0,7,N_251ca7698e0a,N_635694fca557,A_30498c2045a1,Criptoactivos.md,OWN_ARTICLE,EXACT,physical_filename_or_h1,CANONICAL_PRE_RECONCILIATION,ARBRE_CANONIC.csv
"Mercados, Activos e Instrumentos Financieros > Activos e Instrumentos Financieros > Criptoactivos > Altcoins","Mercados, Activos e Instrumentos Financieros > Activos e Instrumentos Financieros > Criptoactivos",4,"Mercados, Activos e Instrumentos Financieros",Altcoins,ARTICLE,LEAF_ARTICLE,V05_MASS_REVIEW_CLOSED,1.0,1.0,1,N_36b601f3d698,N_251ca7698e0a,A_227c7e26764b,Altcoins.md,OWN_ARTICLE,EXACT,physical_filename_or_h1,CANONICAL_PRE_RECONCILIATION,ARBRE_CANONIC.csv
"Mercados, Activos e Instrumentos Financieros > Activos e Instrumentos Financieros > Criptoactivos > Análisis on-chain y tokenomics","Mercados, Activos e Instrumentos Financieros > Activos e Instrumentos Financieros > Criptoactivos",4,"Mercados, Activos e Instrumentos Financieros",Análisis on-chain y tokenomics,ARTICLE,LEAF_ARTICLE,V05_MASS_REVIEW_CLOSED,0.0,0.0,2,N_3a025d4ddd1e,N_251ca7698e0a,A_5606dd77df4d,Analisis_on-chain_y_tokenomics.md,OWN_ARTICLE,EXACT,physical_filename_or_h1,CANONICAL_PRE_RECONCILIATION,ARBRE_CANONIC.csv
"Mercados, Activos e Instrumentos Financieros > Activos e Instrumentos Financieros > Criptoactivos > Bitcoin","Mercados, Activos e Instrumentos Financieros > Activos e Instrumentos Financieros > Criptoactivos",4,"Mercados, Activos e Instrumentos Financieros",Bitcoin,ARTICLE,LEAF_ARTICLE,V05_MASS_REVIEW_CLOSED,1.0,1.0,4,N_784651fc1449,N_251ca7698e0a,A_55a32bdf5295,Bitcoin.md,OWN_ARTICLE,EXACT,physical_filename_or_h1,CANONICAL_PRE_RECONCILIATION,ARBRE_CANONIC.csv
"Mercados, Activos e Instrumentos Financieros > Activos e Instrumentos Financieros > Criptoactivos > Ecosistema y mecanismos","Mercados, Activos e Instrumentos Financieros > Activos e Instrumentos Financieros > Criptoactivos",4,"Mercados, Activos e Instrumentos Financieros",Ecosistema y mecanismos,ARTICLE,LEAF_ARTICLE,V05_MASS_REVIEW_CLOSED,10.0,10.0,7,N_6e436a3a9308,N_251ca7698e0a,A_3f6cd02a035f,Ecosistema_y_mecanismos.md,OWN_ARTICLE,EXACT,physical_filename_or_h1,CANONICAL_PRE_RECONCILIATION,ARBRE_CANONIC.csv
"Mercados, Activos e Instrumentos Financieros > Activos e Instrumentos Financieros > Criptoactivos > Ethereum","Mercados, Activos e Instrumentos Financieros > Activos e Instrumentos Financieros > Criptoactivos",4,"Mercados, Activos e Instrumentos Financieros",Ethereum,ARTICLE,LEAF_ARTICLE,V05_MASS_REVIEW_CLOSED,1.0,1.0,9,N_833ffb10dfe9,N_251ca7698e0a,A_9e36bb7098bf,Ethereum.md,OWN_ARTICLE,EXACT,physical_filename_or_h1,CANONICAL_PRE_RECONCILIATION,ARBRE_CANONIC.csv
"Mercados, Activos e Instrumentos Financieros > Activos e Instrumentos Financieros > Criptoactivos > NFTs","Mercados, Activos e Instrumentos Financieros > Activos e Instrumentos Financieros > Criptoactivos",4,"Mercados, Activos e Instrumentos Financieros",NFTs,ARTICLE,LEAF_ARTICLE,V05_MASS_REVIEW_CLOSED,1.0,1.0,14,N_bdf527d206b8,N_251ca7698e0a,A_72aa47a96058,NFTs.md,OWN_ARTICLE,EXACT,physical_filename_or_h1,CANONICAL_PRE_RECONCILIATION,ARBRE_CANONIC.csv
"Mercados, Activos e Instrumentos Financieros > Activos e Instrumentos Financieros > Criptoactivos > StableCoins","Mercados, Activos e Instrumentos Financieros > Activos e Instrumentos Financieros > Criptoactivos",4,"Mercados, Activos e Instrumentos Financieros",StableCoins,ARTICLE,LEAF_ARTICLE,V05_MASS_REVIEW_CLOSED,1.0,1.0,15,N_95b92ff4272c,N_251ca7698e0a,A_86bca08c3e70,StableCoins.md,OWN_ARTICLE,EXACT,physical_filename_or_h1,CANONICAL_PRE_RECONCILIATION,ARBRE_CANONIC.csv
"Mercados, Activos e Instrumentos Financieros > Activos e Instrumentos Financieros > Criptoactivos > Seguridad y riesgos","Mercados, Activos e Instrumentos Financieros > Activos e Instrumentos Financieros > Criptoactivos",4,"Mercados, Activos e Instrumentos Financieros",Seguridad y riesgos,ARTICLE,LEAF_ARTICLE,V05_MASS_REVIEW_CLOSED,1.0,1.0,18,N_eba2dfabe394,N_251ca7698e0a,A_15a99f62b1f8,Seguridad_y_riesgos.md,OWN_ARTICLE,EXACT,physical_filename_or_h1,CANONICAL_PRE_RECONCILIATION,ARBRE_CANONIC.csv
"Mercados, Activos e Instrumentos Financieros > Activos e Instrumentos Financieros > Activos alternativos","Mercados, Activos e Instrumentos Financieros > Activos e Instrumentos Financieros",3,"Mercados, Activos e Instrumentos Financieros",Activos alternativos,ARTICLE,LEAF_ARTICLE,V05_MASS_REVIEW_CLOSED,0.0,0.0,8,N_d6fbd3bed0bc,N_635694fca557,A_f72f22931d9c,Activos_alternativos.md,OWN_ARTICLE,EXACT,physical_filename_or_h1,CANONICAL_PRE_RECONCILIATION,ARBRE_CANONIC.csv
Análisis de Mercados,Biblioteca de Trading,1,Análisis de Mercados,Análisis de Mercados,ARTICLE,MASTER_ARTICLE,V05_MASS_REVIEW_CLOSED,20.0,20.0,3,N_8a639485b4cb,N_653fa1164539,A_fc2f9313c227,Analisis_de_Mercados.md,OWN_ARTICLE,EXACT,physical_filename_or_h1,CANONICAL_PRE_RECONCILIATION,ARBRE_CANONIC.csv
Análisis de Mercados > Análisis Fundamental,Análisis de Mercados,2,Análisis de Mercados,Análisis Fundamental,ARTICLE,MASTER_ARTICLE,V05_MASS_REVIEW_CLOSED,18.0,16.0,1,N_d04de067d3de,N_8a639485b4cb,A_abbbe05ef29d,Analisis_Fundamental.md,OWN_ARTICLE,EXACT,physical_filename_or_h1,CANONICAL_PRE_RECONCILIATION,ARBRE_CANONIC.csv
Análisis de Mercados > Análisis Fundamental > Análisis de empresas,Análisis de Mercados > Análisis Fundamental,3,Análisis de Mercados,Análisis de empresas,ARTICLE,MASTER_ARTICLE,V05_MASS_REVIEW_CLOSED,2.0,2.0,0,N_ee8b796c017b,N_d04de067d3de,A_72173143d472,Analisis_de_empresas.md,OWN_ARTICLE,EXACT,physical_filename_or_h1,CANONICAL_PRE_RECONCILIATION,ARBRE_CANONIC.csv
Análisis de Mercados > Análisis Fundamental > Análisis de empresas > Análisis sectorial y competitivo,Análisis de Mercados > Análisis Fundamental > Análisis de empresas,4,Análisis de Mercados,Análisis sectorial y competitivo,ARTICLE,LEAF_ARTICLE,V05_MASS_REVIEW_CLOSED,0.0,0.0,0,N_81938ab6113e,N_ee8b796c017b,A_1c468f9dbc6c,Analisis_sectorial_y_competitivo.md,OWN_ARTICLE,EXACT,physical_filename_or_h1,CANONICAL_PRE_RECONCILIATION,ARBRE_CANONIC.csv
Análisis de Mercados > Análisis Fundamental > Análisis de empresas > Beneficio por acción y revisiones de estimaciones,Análisis de Mercados > Análisis Fundamental > Análisis de empresas,4,Análisis de Mercados,Beneficio por acción y revisiones de estimaciones,ARTICLE,LEAF_ARTICLE,V05_MASS_REVIEW_CLOSED,0.0,0.0,1,N_c47aa3d53889,N_ee8b796c017b,A_953241c362a7,Beneficio_por_accion_y_revisiones_de_estimaciones.md,OWN_ARTICLE,EXACT,physical_filename_or_h1,CANONICAL_PRE_RECONCILIATION,ARBRE_CANONIC.csv
"Análisis de Mercados > Análisis Fundamental > Análisis de empresas > Estados financieros: balance, resultados y flujos de caja",Análisis de Mercados > Análisis Fundamental > Análisis de empresas,4,Análisis de Mercados,"Estados financieros: balance, resultados y flujos de caja",ARTICLE,LEAF_ARTICLE,V05_MASS_REVIEW_CLOSED,0.0,0.0,2,N_1f7afb4524b9,N_ee8b796c017b,A_fc69dbb3b329,Estados_financieros_balance_resultados_y_flujos_de_caja.md,OWN_ARTICLE,EXACT,physical_filename_or_h1,CANONICAL_PRE_RECONCILIATION,ARBRE_CANONIC.csv
Análisis de Mercados > Análisis Fundamental > Análisis de empresas > Ratios financieros y calidad del negocio,Análisis de Mercados > Análisis Fundamental > Análisis de empresas,4,Análisis de Mercados,Ratios financieros y calidad del negocio,ARTICLE,LEAF_ARTICLE,V05_MASS_REVIEW_CLOSED,0.0,0.0,4,N_d77a0769a816,N_ee8b796c017b,A_79bac485c587,Ratios_financieros_y_calidad_del_negocio.md,OWN_ARTICLE,EXACT,physical_filename_or_h1,CANONICAL_PRE_RECONCILIATION,ARBRE_CANONIC.csv
"Análisis de Mercados > Análisis Fundamental > Análisis de empresas > Resultados empresariales, guidance y revisiones",Análisis de Mercados > Análisis Fundamental > Análisis de empresas,4,Análisis de Mercados,"Resultados empresariales, guidance y revisiones",ARTICLE,LEAF_ARTICLE,V05_MASS_REVIEW_CLOSED,0.0,0.0,5,N_e67248475686,N_ee8b796c017b,A_5c0bb853ec1d,Resultados_empresariales_guidance_y_revisiones.md,OWN_ARTICLE,EXACT,physical_filename_or_h1,CANONICAL_PRE_RECONCILIATION,ARBRE_CANONIC.csv
Análisis de Mercados > Análisis Fundamental > Análisis de empresas > Valoración por descuento de flujos (DCF),Análisis de Mercados > Análisis Fundamental > Análisis de empresas,4,Análisis de Mercados,Valoración por descuento de flujos (DCF),ARTICLE,LEAF_ARTICLE,V05_MASS_REVIEW_CLOSED,0.0,0.0,6,N_ded14ca98061,N_ee8b796c017b,A_7f498e335140,Valoracion_por_descuento_de_flujos_DCF.md,OWN_ARTICLE,EXACT,physical_filename_or_h1,CANONICAL_PRE_RECONCILIATION,ARBRE_CANONIC.csv
Análisis de Mercados > Análisis Fundamental > Análisis de empresas > Valoración por múltiplos,Análisis de Mercados > Análisis Fundamental > Análisis de empresas,4,Análisis de Mercados,Valoración por múltiplos,ARTICLE,LEAF_ARTICLE,V05_MASS_REVIEW_CLOSED,0.0,0.0,7,N_337310c31d46,N_ee8b796c017b,A_d9fba1b7e93c,Valoracion_por_multiplos.md,OWN_ARTICLE,EXACT,physical_filename_or_h1,CANONICAL_PRE_RECONCILIATION,ARBRE_CANONIC.csv
Análisis de Mercados > Análisis Fundamental > Análisis macroeconómico,Análisis de Mercados > Análisis Fundamental,3,Análisis de Mercados,Análisis macroeconómico,ARTICLE,MASTER_ARTICLE,V05_MASS_REVIEW_CLOSED,0.0,0.0,1,N_49b60114612b,N_d04de067d3de,A_f3b3999aea1f,Analisis_macroeconomico.md,OWN_ARTICLE,EXACT,physical_filename_or_h1,CANONICAL_PRE_RECONCILIATION,ARBRE_CANONIC.csv
Análisis de Mercados > Análisis Fundamental > Análisis macroeconómico > Tipos de Intereses,Análisis de Mercados > Análisis Fundamental > Análisis macroeconómico,4,Análisis de Mercados,Tipos de Intereses,ARTICLE,LEAF_ARTICLE,V05_MASS_REVIEW_CLOSED,1.0,1.0,0,N_1c1022a8b8a1,N_49b60114612b,A_31ff4e3a0109,Tipos_de_Intereses.md,OWN_ARTICLE,EXACT,physical_filename_or_h1,CANONICAL_PRE_RECONCILIATION,ARBRE_CANONIC.csv
Análisis de Mercados > Análisis Fundamental > Análisis macroeconómico > Balanza Comercial,Análisis de Mercados > Análisis Fundamental > Análisis macroeconómico,4,Análisis de Mercados,Balanza Comercial,ARTICLE,LEAF_ARTICLE,V05_MASS_REVIEW_CLOSED,1.0,1.0,2,N_66c476dcd75a,N_49b60114612b,A_f199fabea27e,Balanza_Comercial.md,OWN_ARTICLE,EXACT,physical_filename_or_h1,CANONICAL_PRE_RECONCILIATION,ARBRE_CANONIC.csv
Análisis de Mercados > Análisis Fundamental > Análisis macroeconómico > CPI,Análisis de Mercados > Análisis Fundamental > Análisis macroeconómico,4,Análisis de Mercados,CPI,ARTICLE,LEAF_ARTICLE,V05_MASS_REVIEW_CLOSED,1.0,1.0,3,N_8619f80f872a,N_49b60114612b,A_f00563124dc6,CPI.md,OWN_ARTICLE,EXACT,physical_filename_or_h1,CANONICAL_PRE_RECONCILIATION,ARBRE_CANONIC.csv
Análisis de Mercados > Análisis Fundamental > Análisis macroeconómico > Deuda publica y Deficits,Análisis de Mercados > Análisis Fundamental > Análisis macroeconómico,4,Análisis de Mercados,Deuda publica y Deficits,ARTICLE,LEAF_ARTICLE,V05_MASS_REVIEW_CLOSED,1.0,1.0,4,N_51fda1b142b2,N_49b60114612b,A_d0b075f875f3,Deuda_publica_y_Deficits.md,OWN_ARTICLE,EXACT,physical_filename_or_h1,CANONICAL_PRE_RECONCILIATION,ARBRE_CANONIC.csv
Análisis de Mercados > Análisis Fundamental > Análisis macroeconómico > Inflación y expectativas de inflación,Análisis de Mercados > Análisis Fundamental > Análisis macroeconómico,4,Análisis de Mercados,Inflación y expectativas de inflación,ARTICLE,LEAF_ARTICLE,V05_MASS_REVIEW_CLOSED,0.0,0.0,5,N_31cfa4398cc4,N_49b60114612b,A_f3c49cfa0271,Inflacion_y_expectativas_de_inflacion.md,OWN_ARTICLE,EXACT,physical_filename_or_h1,CANONICAL_PRE_RECONCILIATION,ARBRE_CANONIC.csv
Análisis de Mercados > Análisis Fundamental > Análisis macroeconómico > Liquidez global y condiciones financieras,Análisis de Mercados > Análisis Fundamental > Análisis macroeconómico,4,Análisis de Mercados,Liquidez global y condiciones financieras,ARTICLE,LEAF_ARTICLE,V05_MASS_REVIEW_CLOSED,0.0,0.0,6,N_aa57ef61c494,N_49b60114612b,A_964cab197c54,Liquidez_global_y_condiciones_financieras.md,OWN_ARTICLE,EXACT,physical_filename_or_h1,CANONICAL_PRE_RECONCILIATION,ARBRE_CANONIC.csv
"Análisis de Mercados > Análisis Fundamental > Análisis macroeconómico > Mercado laboral, empleo y desempleo",Análisis de Mercados > Análisis Fundamental > Análisis macroeconómico,4,Análisis de Mercados,"Mercado laboral, empleo y desempleo",ARTICLE,LEAF_ARTICLE,V05_MASS_REVIEW_CLOSED,0.0,0.0,7,N_f21494579d01,N_49b60114612b,A_5ea9a36fb45d,Mercado_laboral_empleo_y_desempleo.md,OWN_ARTICLE,EXACT,physical_filename_or_h1,CANONICAL_PRE_RECONCILIATION,ARBRE_CANONIC.csv
Análisis de Mercados > Análisis Fundamental > Análisis macroeconómico > PIB,Análisis de Mercados > Análisis Fundamental > Análisis macroeconómico,4,Análisis de Mercados,PIB,ARTICLE,LEAF_ARTICLE,V05_MASS_REVIEW_CLOSED,1.0,1.0,9,N_f2282d202dd7,N_49b60114612b,A_19743ee6e875,PIB.md,OWN_ARTICLE,EXACT,physical_filename_or_h1,CANONICAL_PRE_RECONCILIATION,ARBRE_CANONIC.csv
Análisis de Mercados > Análisis Fundamental > Análisis macroeconómico > PMI,Análisis de Mercados > Análisis Fundamental > Análisis macroeconómico,4,Análisis de Mercados,PMI,ARTICLE,LEAF_ARTICLE,V05_MASS_REVIEW_CLOSED,1.0,1.0,10,N_4c5915dfba86,N_49b60114612b,A_eb7f5cbe45f9,PMI.md,OWN_ARTICLE,EXACT,physical_filename_or_h1,CANONICAL_PRE_RECONCILIATION,ARBRE_CANONIC.csv
Análisis de Mercados > Análisis Fundamental > Análisis macroeconómico > Política fiscal,Análisis de Mercados > Análisis Fundamental > Análisis macroeconómico,4,Análisis de Mercados,Política fiscal,ARTICLE,LEAF_ARTICLE,V05_MASS_REVIEW_CLOSED,0.0,0.0,11,N_c82da29ea57d,N_49b60114612b,A_d2e3d7140f4f,Politica_fiscal.md,OWN_ARTICLE,EXACT,physical_filename_or_h1,CANONICAL_PRE_RECONCILIATION,ARBRE_CANONIC.csv
Análisis de Mercados > Análisis Fundamental > Análisis macroeconómico > Política monetaria y transmisión,Análisis de Mercados > Análisis Fundamental > Análisis macroeconómico,4,Análisis de Mercados,Política monetaria y transmisión,ARTICLE,LEAF_ARTICLE,V05_MASS_REVIEW_CLOSED,0.0,0.0,12,N_4d5e273abae6,N_49b60114612b,A_ec9f731d8be3,Politica_monetaria_y_transmision.md,OWN_ARTICLE,EXACT,physical_filename_or_h1,CANONICAL_PRE_RECONCILIATION,ARBRE_CANONIC.csv
Análisis de Mercados > Análisis Fundamental > Análisis macroeconómico > PPI,Análisis de Mercados > Análisis Fundamental > Análisis macroeconómico,4,Análisis de Mercados,PPI,ARTICLE,LEAF_ARTICLE,V05_MASS_REVIEW_CLOSED,1.0,1.0,13,N_08e4b989cdfb,N_49b60114612b,A_0c37b354a5f9,PPI.md,OWN_ARTICLE,EXACT,physical_filename_or_h1,CANONICAL_PRE_RECONCILIATION,ARBRE_CANONIC.csv
Análisis de Mercados > Análisis Fundamental > Análisis macroeconómico > Ventas al por menor,Análisis de Mercados > Análisis Fundamental > Análisis macroeconómico,4,Análisis de Mercados,Ventas al por menor,ARTICLE,LEAF_ARTICLE,V05_MASS_REVIEW_CLOSED,1.0,1.0,14,N_14322a0b7271,N_49b60114612b,A_a55604ca9012,Ventas_al_por_menor.md,OWN_ARTICLE,EXACT,physical_filename_or_h1,CANONICAL_PRE_RECONCILIATION,ARBRE_CANONIC.csv
Análisis de Mercados > Análisis Técnico,Análisis de Mercados,2,Análisis de Mercados,Análisis Técnico,ARTICLE,MASTER_ARTICLE,V05_MASS_REVIEW_CLOSED,3.0,4.0,2,N_118922f89f79,N_8a639485b4cb,A_6bb7ddee1d95,Analisis_Tecnico.md,OWN_ARTICLE,EXACT,physical_filename_or_h1,CANONICAL_PRE_RECONCILIATION,ARBRE_CANONIC.csv
Análisis de Mercados > Análisis Cuantitativo,Análisis de Mercados,2,Análisis de Mercados,Análisis Cuantitativo,ARTICLE,MASTER_ARTICLE,V05_MASS_REVIEW_CLOSED,6.0,5.0,3,N_acb2eabb4257,N_8a639485b4cb,A_510d8dea1da1,Analisis_Cuantitativo.md,OWN_ARTICLE,EXACT,physical_filename_or_h1,CANONICAL_PRE_RECONCILIATION,ARBRE_CANONIC.csv
Análisis de Mercados > Análisis Cuantitativo > Correlación y covarianza,Análisis de Mercados > Análisis Cuantitativo,3,Análisis de Mercados,Correlación y covarianza,ARTICLE,LEAF_ARTICLE,V05_MASS_REVIEW_CLOSED,0.0,0.0,0,N_d1f8a0e206c2,N_acb2eabb4257,A_5c1ed239db73,Correlacion_y_covarianza.md,OWN_ARTICLE,EXACT,physical_filename_or_h1,CANONICAL_PRE_RECONCILIATION,ARBRE_CANONIC.csv
Análisis de Mercados > Análisis Cuantitativo > Estadística descriptiva aplicada a retornos,Análisis de Mercados > Análisis Cuantitativo,3,Análisis de Mercados,Estadística descriptiva aplicada a retornos,ARTICLE,LEAF_ARTICLE,V05_MASS_REVIEW_CLOSED,0.0,0.0,1,N_b2a09556992c,N_acb2eabb4257,A_7eee67c5f298,Estadistica_descriptiva_aplicada_a_retornos.md,OWN_ARTICLE,EXACT,physical_filename_or_h1,CANONICAL_PRE_RECONCILIATION,ARBRE_CANONIC.csv
Análisis de Mercados > Análisis Cuantitativo > Modelos  Cuantitativos en Finanzas,Análisis de Mercados > Análisis Cuantitativo,3,Análisis de Mercados,Modelos  Cuantitativos en Finanzas,ARTICLE,LEAF_ARTICLE,V05_MASS_REVIEW_CLOSED,1.0,1.0,2,N_bccd6238f78d,N_acb2eabb4257,A_0c41f2e8de88,Modelos_Cuantitativos_en_Finanzas.md,OWN_ARTICLE,EXACT,physical_filename_or_h1,CANONICAL_PRE_RECONCILIATION,ARBRE_CANONIC.csv
Análisis de Mercados > Análisis Cuantitativo > Monte Carlo y simulación,Análisis de Mercados > Análisis Cuantitativo,3,Análisis de Mercados,Monte Carlo y simulación,ARTICLE,LEAF_ARTICLE,V05_MASS_REVIEW_CLOSED,0.0,0.0,3,N_08f00528a232,N_acb2eabb4257,A_241444a5a66e,Monte_Carlo_y_simulacion.md,OWN_ARTICLE,EXACT,physical_filename_or_h1,CANONICAL_PRE_RECONCILIATION,ARBRE_CANONIC.csv
Análisis de Mercados > Análisis Cuantitativo > Probabilidad y distribuciones de retornos,Análisis de Mercados > Análisis Cuantitativo,3,Análisis de Mercados,Probabilidad y distribuciones de retornos,ARTICLE,LEAF_ARTICLE,V05_MASS_REVIEW_CLOSED,0.0,0.0,4,N_78a4ab304b3b,N_acb2eabb4257,A_635379b85c8b,Probabilidad_y_distribuciones_de_retornos.md,OWN_ARTICLE,EXACT,physical_filename_or_h1,CANONICAL_PRE_RECONCILIATION,ARBRE_CANONIC.csv
Análisis de Mercados > Análisis Cuantitativo > Regresión y modelos lineales,Análisis de Mercados > Análisis Cuantitativo,3,Análisis de Mercados,Regresión y modelos lineales,ARTICLE,LEAF_ARTICLE,V05_MASS_REVIEW_CLOSED,0.0,0.0,5,N_aec349b0b735,N_acb2eabb4257,A_bf44cc79051c,Regresion_y_modelos_lineales.md,OWN_ARTICLE,EXACT,physical_filename_or_h1,CANONICAL_PRE_RECONCILIATION,ARBRE_CANONIC.csv
Análisis de Mercados > Análisis Cuantitativo > Series temporales,Análisis de Mercados > Análisis Cuantitativo,3,Análisis de Mercados,Series temporales,ARTICLE,LEAF_ARTICLE,V05_MASS_REVIEW_CLOSED,0.0,0.0,6,N_dd5347437fe3,N_acb2eabb4257,A_fc55892b6326,Series_temporales.md,OWN_ARTICLE,EXACT,physical_filename_or_h1,CANONICAL_PRE_RECONCILIATION,ARBRE_CANONIC.csv
Análisis de Mercados > Análisis Cuantitativo > Significancia estadística y múltiples pruebas,Análisis de Mercados > Análisis Cuantitativo,3,Análisis de Mercados,Significancia estadística y múltiples pruebas,ARTICLE,LEAF_ARTICLE,V05_MASS_REVIEW_CLOSED,0.0,0.0,7,N_e6ca381e04a1,N_acb2eabb4257,A_3d0ad015c914,Significancia_estadistica_y_multiples_pruebas.md,OWN_ARTICLE,EXACT,physical_filename_or_h1,CANONICAL_PRE_RECONCILIATION,ARBRE_CANONIC.csv
Análisis de Mercados > Análisis Cuantitativo > Volatilidad y heterocedasticidad,Análisis de Mercados > Análisis Cuantitativo,3,Análisis de Mercados,Volatilidad y heterocedasticidad,ARTICLE,LEAF_ARTICLE,V05_MASS_REVIEW_CLOSED,0.0,0.0,8,N_e9194e07d540,N_acb2eabb4257,A_472d9f3f4fd3,Volatilidad_y_heterocedasticidad.md,OWN_ARTICLE,EXACT,physical_filename_or_h1,CANONICAL_PRE_RECONCILIATION,ARBRE_CANONIC.csv
Análisis de Mercados > Análisis de Sentimiento,Análisis de Mercados,2,Análisis de Mercados,Análisis de Sentimiento,ARTICLE,MASTER_ARTICLE,V05_MASS_REVIEW_CLOSED,11.0,12.0,4,N_25b4c3bd590a,N_8a639485b4cb,A_71c63d100505,Analisis_de_Sentimiento.md,OWN_ARTICLE,EXACT,physical_filename_or_h1,CANONICAL_PRE_RECONCILIATION,ARBRE_CANONIC.csv
Análisis de Mercados > Análisis de Sentimiento > Indicadores de Sentimiento,Análisis de Mercados > Análisis de Sentimiento,3,Análisis de Mercados,Indicadores de Sentimiento,ARTICLE,MASTER_ARTICLE,V05_MASS_REVIEW_CLOSED,5.0,4.0,0,N_190cccf8fcd5,N_25b4c3bd590a,A_c034939a4bd0,Indicadores_de_Sentimiento.md,OWN_ARTICLE,EXACT,physical_filename_or_h1,CANONICAL_PRE_RECONCILIATION,ARBRE_CANONIC.csv
Análisis de Mercados > Análisis de Sentimiento > Indicadores de Sentimiento > Amplitud de mercado (market breadth),Análisis de Mercados > Análisis de Sentimiento > Indicadores de Sentimiento,4,Análisis de Mercados,Amplitud de mercado (market breadth),ARTICLE,LEAF_ARTICLE,V05_MASS_REVIEW_CLOSED,0.0,0.0,0,N_45bacb4df626,N_190cccf8fcd5,A_fa643a798a4a,Amplitud_de_mercado_market_breadth.md,OWN_ARTICLE,EXACT,physical_filename_or_h1,CANONICAL_PRE_RECONCILIATION,ARBRE_CANONIC.csv
Análisis de Mercados > Análisis de Sentimiento > Indicadores de Sentimiento > COT,Análisis de Mercados > Análisis de Sentimiento > Indicadores de Sentimiento,4,Análisis de Mercados,COT,ARTICLE,LEAF_ARTICLE,V05_MASS_REVIEW_CLOSED,1.0,0.0,1,N_a78ab2b909bb,N_190cccf8fcd5,A_711239bb11bb,COT.md,OWN_ARTICLE,EXACT,physical_filename_or_h1,CANONICAL_PRE_RECONCILIATION,ARBRE_CANONIC.csv
Análisis de Mercados > Análisis de Sentimiento > Indicadores de Sentimiento > Encuestas de sentimiento,Análisis de Mercados > Análisis de Sentimiento > Indicadores de Sentimiento,4,Análisis de Mercados,Encuestas de sentimiento,ARTICLE,LEAF_ARTICLE,V05_MASS_REVIEW_CLOSED,0.0,0.0,2,N_b5d55dc7bac5,N_190cccf8fcd5,A_23c4f21c27c6,Encuestas_de_sentimiento.md,OWN_ARTICLE,EXACT,physical_filename_or_h1,CANONICAL_PRE_RECONCILIATION,ARBRE_CANONIC.csv
Análisis de Mercados > Análisis de Sentimiento > Indicadores de Sentimiento > Fear and Greed Index,Análisis de Mercados > Análisis de Sentimiento > Indicadores de Sentimiento,4,Análisis de Mercados,Fear and Greed Index,ARTICLE,LEAF_ARTICLE,V05_MASS_REVIEW_CLOSED,1.0,3.0,3,N_ebbf04728177,N_190cccf8fcd5,A_b4057fb67dbd,Fear_and_Greed_Index.md,OWN_ARTICLE,EXACT,physical_filename_or_h1,CANONICAL_PRE_RECONCILIATION,ARBRE_CANONIC.csv
Análisis de Mercados > Análisis de Sentimiento > Indicadores de Sentimiento > Índices de volatilidad (VIX),Análisis de Mercados > Análisis de Sentimiento > Indicadores de Sentimiento,4,Análisis de Mercados,Índices de volatilidad (VIX),ARTICLE,LEAF_ARTICLE,V05_MASS_REVIEW_CLOSED,3.0,3.0,4,N_b30b412b5f27,N_190cccf8fcd5,A_6ad1e5012515,Indices_de_volatilidad_VIX.md,OWN_ARTICLE,EXACT,physical_filename_or_h1,CANONICAL_PRE_RECONCILIATION,ARBRE_CANONIC.csv
Análisis de Mercados > Análisis de Sentimiento > Indicadores de Sentimiento > Ratio Put/Call,Análisis de Mercados > Análisis de Sentimiento > Indicadores de Sentimiento,4,Análisis de Mercados,Ratio Put/Call,ARTICLE,LEAF_ARTICLE,V05_MASS_REVIEW_CLOSED,1.0,1.0,5,N_e37cd266ec15,N_190cccf8fcd5,A_d3e85bfdb86a,Ratio_Put_Call.md,OWN_ARTICLE,EXACT,physical_filename_or_h1,CANONICAL_PRE_RECONCILIATION,ARBRE_CANONIC.csv
Análisis de Mercados > Análisis de Sentimiento > Factores influyentes en el Sentimiento,Análisis de Mercados > Análisis de Sentimiento,3,Análisis de Mercados,Factores influyentes en el Sentimiento,ARTICLE,LEAF_ARTICLE,V05_MASS_REVIEW_CLOSED,1.0,1.0,1,N_599fb9798242,N_25b4c3bd590a,A_13ae903f9cf4,Factores_influyentes_en_el_Sentimiento.md,OWN_ARTICLE,EXACT,physical_filename_or_h1,CANONICAL_PRE_RECONCILIATION,ARBRE_CANONIC.csv
Análisis de Mercados > Análisis de Sentimiento > Métodos algorítmicos,Análisis de Mercados > Análisis de Sentimiento,3,Análisis de Mercados,Métodos algorítmicos,ARTICLE,LEAF_ARTICLE,V05_MASS_REVIEW_CLOSED,1.0,1.0,2,N_ffbdd2f09180,N_25b4c3bd590a,A_fcddf1a34345,Metodos_algoritmicos.md,OWN_ARTICLE,EXACT,physical_filename_or_h1,CANONICAL_PRE_RECONCILIATION,ARBRE_CANONIC.csv
Análisis de Mercados > Análisis intermercado,Análisis de Mercados,2,Análisis de Mercados,Análisis intermercado,ARTICLE,MASTER_ARTICLE,V05_MASS_REVIEW_CLOSED,0.0,0.0,5,N_31d72f0ddd33,N_8a639485b4cb,A_1801ce0d66ab,Analisis_intermercado.md,OWN_ARTICLE,EXACT,physical_filename_or_h1,CANONICAL_PRE_RECONCILIATION,ARBRE_CANONIC.csv
Análisis de Mercados > Análisis intermercado > Estacionalidad y patrones de calendario,Análisis de Mercados > Análisis intermercado,3,Análisis de Mercados,Estacionalidad y patrones de calendario,ARTICLE,LEAF_ARTICLE,V05_MASS_REVIEW_CLOSED,0.0,0.0,0,N_e5e8230022b8,N_31d72f0ddd33,A_3743f25250c8,Estacionalidad_y_patrones_de_calendario.md,OWN_ARTICLE,EXACT,physical_filename_or_h1,CANONICAL_PRE_RECONCILIATION,ARBRE_CANONIC.csv
Análisis de Mercados > Análisis intermercado > Fuerza relativa y análisis comparativo,Análisis de Mercados > Análisis intermercado,3,Análisis de Mercados,Fuerza relativa y análisis comparativo,ARTICLE,LEAF_ARTICLE,V05_MASS_REVIEW_CLOSED,0.0,0.0,1,N_dbc380cb300a,N_31d72f0ddd33,A_e2eb52937d3c,Fuerza_relativa_y_analisis_comparativo.md,OWN_ARTICLE,EXACT,physical_filename_or_h1,CANONICAL_PRE_RECONCILIATION,ARBRE_CANONIC.csv
Análisis de Mercados > Análisis de Flujo de Órdenes,Análisis de Mercados,2,Análisis de Mercados,Análisis de Flujo de Órdenes,ARTICLE,MASTER_ARTICLE,V05_MASS_REVIEW_CLOSED,0.0,0.0,6,N_1c56c50a3be1,N_8a639485b4cb,A_a990694bb2bf,Analisis_de_Flujo_de_Ordenes.md,OWN_ARTICLE,EXACT,physical_filename_or_h1,CANONICAL_PRE_RECONCILIATION,ARBRE_CANONIC.csv
Análisis de Mercados > Análisis de Flujo de Órdenes > Delta,Análisis de Mercados > Análisis de Flujo de Órdenes,3,Análisis de Mercados,Delta,ARTICLE,LEAF_ARTICLE,V05_MASS_REVIEW_CLOSED,1.0,0.0,0,N_e1f8a37f4f4b,N_1c56c50a3be1,A_da42c70de355,Delta.md,OWN_ARTICLE,EXACT,physical_filename_or_h1,CANONICAL_PRE_RECONCILIATION,ARBRE_CANONIC.csv
Análisis de Mercados > Análisis de Flujo de Órdenes > Cumulative Delta,Análisis de Mercados > Análisis de Flujo de Órdenes,3,Análisis de Mercados,Cumulative Delta,ARTICLE,LEAF_ARTICLE,V05_MASS_REVIEW_CLOSED,1.0,0.0,1,N_decb621ea0f5,N_1c56c50a3be1,A_037f66e804f1,Cumulative_Delta.md,OWN_ARTICLE,EXACT,physical_filename_or_h1,CANONICAL_PRE_RECONCILIATION,ARBRE_CANONIC.csv
Análisis de Mercados > Análisis de Flujo de Órdenes > Footprint Chart,Análisis de Mercados > Análisis de Flujo de Órdenes,3,Análisis de Mercados,Footprint Chart,ARTICLE,LEAF_ARTICLE,V05_MASS_REVIEW_CLOSED,1.0,0.0,2,N_eeafce7450f1,N_1c56c50a3be1,A_42b192efa470,Footprint_Chart.md,OWN_ARTICLE,EXACT,physical_filename_or_h1,CANONICAL_PRE_RECONCILIATION,ARBRE_CANONIC.csv
Análisis de Mercados > Análisis de Flujo de Órdenes > Tape Reading,Análisis de Mercados > Análisis de Flujo de Órdenes,3,Análisis de Mercados,Tape Reading,ARTICLE,LEAF_ARTICLE,V05_MASS_REVIEW_CLOSED,1.0,1.0,3,N_d03c98a67313,N_1c56c50a3be1,A_4c163c8aa550,Tape_Reading.md,OWN_ARTICLE,EXACT,physical_filename_or_h1,CANONICAL_PRE_RECONCILIATION,ARBRE_CANONIC.csv
Análisis de Mercados > Análisis de Flujo de Órdenes > Time and Sales,Análisis de Mercados > Análisis de Flujo de Órdenes,3,Análisis de Mercados,Time and Sales,ARTICLE,LEAF_ARTICLE,V05_MASS_REVIEW_CLOSED,1.0,1.0,4,N_3dbde865ee8b,N_1c56c50a3be1,A_99c14827d9f3,Time_and_Sales.md,OWN_ARTICLE,EXACT,physical_filename_or_h1,CANONICAL_PRE_RECONCILIATION,ARBRE_CANONIC.csv
Análisis de Mercados > Análisis de Liquidez,Análisis de Mercados,2,Análisis de Mercados,Análisis de Liquidez,ARTICLE,MASTER_ARTICLE,V05_MASS_REVIEW_CLOSED,24.0,16.0,7,N_a181cf2984c0,N_8a639485b4cb,A_bafef2088724,Analisis_de_Liquidez.md,OWN_ARTICLE,EXACT,physical_filename_or_h1,CANONICAL_PRE_RECONCILIATION,ARBRE_CANONIC.csv
Análisis de Mercados > Análisis de Liquidez > Herramientas de análisis de liquidez,Análisis de Mercados > Análisis de Liquidez,3,Análisis de Mercados,Herramientas de análisis de liquidez,ARTICLE,LEAF_ARTICLE,V05_MASS_REVIEW_CLOSED,1.0,1.0,0,N_efc443ac191d,N_a181cf2984c0,A_9b5fdbbaac33,Herramientas_de_analisis_de_liquidez.md,OWN_ARTICLE,EXACT,physical_filename_or_h1,CANONICAL_PRE_RECONCILIATION,ARBRE_CANONIC.csv
"Análisis de Mercados > Análisis de Liquidez > Herramientas de Libro de Ordenes y Profundidad de Mercado (Level2, DOM/Depth of Market, Order Book Analysis)",Análisis de Mercados > Análisis de Liquidez,3,Análisis de Mercados,"Herramientas de Libro de Ordenes y Profundidad de Mercado (Level2, DOM/Depth of Market, Order Book Analysis)",ARTICLE,LEAF_ARTICLE,V05_MASS_REVIEW_CLOSED,1.0,2.0,1,N_21e2371365f0,N_a181cf2984c0,A_d56b691de805,Herramientas_de_Libro_de_Ordenes_y_Profundidad_de_Mercado.md,OWN_ARTICLE_ALIAS,0.995,physical_filename_h1,CANONICAL_PRE_RECONCILIATION,ARBRE_CANONIC.csv
Análisis de Mercados > Análisis de Liquidez > Stop Hunt (Liquidity Grab),Análisis de Mercados > Análisis de Liquidez,3,Análisis de Mercados,Stop Hunt (Liquidity Grab),ARTICLE,LEAF_ARTICLE,V05_MASS_REVIEW_CLOSED,1.0,0.0,16,N_3a9e64439044,N_a181cf2984c0,A_a2d2e7fc462c,Stop_Hunt_Liquidity_Grab.md,OWN_ARTICLE,EXACT,physical_filename_or_h1,CANONICAL_PRE_RECONCILIATION,ARBRE_CANONIC.csv
"Modalidades, Estrategias y Sistemas de Trading",Biblioteca de Trading,1,"Modalidades, Estrategias y Sistemas de Trading","Modalidades, Estrategias y Sistemas de Trading",ARTICLE,MASTER_ARTICLE,V05_MASS_REVIEW_CLOSED,0.0,0.0,4,N_3d8a4241c6a7,N_653fa1164539,A_5f8769472942,Modalidades_Estrategias_y_Sistemas_de_Trading.md,OWN_ARTICLE,EXACT,physical_filename_or_h1,CANONICAL_PRE_RECONCILIATION,ARBRE_CANONIC.csv
"Modalidades, Estrategias y Sistemas de Trading > Tipos y Modalidades de Trading","Modalidades, Estrategias y Sistemas de Trading",2,"Modalidades, Estrategias y Sistemas de Trading",Tipos y Modalidades de Trading,ARTICLE,MASTER_ARTICLE,V05_MASS_REVIEW_CLOSED,7.0,8.0,0,N_eaf5f6a14ca6,N_3d8a4241c6a7,A_d4ce60db87e6,Tipos_y_Modalidades_de_Trading.md,OWN_ARTICLE,EXACT,physical_filename_or_h1,CANONICAL_PRE_RECONCILIATION,ARBRE_CANONIC.csv
"Modalidades, Estrategias y Sistemas de Trading > Tipos y Modalidades de Trading > Según el grado de automatización","Modalidades, Estrategias y Sistemas de Trading > Tipos y Modalidades de Trading",3,"Modalidades, Estrategias y Sistemas de Trading",Según el grado de automatización,ARTICLE,MASTER_ARTICLE,V05_MASS_REVIEW_CLOSED,0.0,0.0,0,N_97941eb06354,N_eaf5f6a14ca6,A_7bdbeec21e97,Segun_el_grado_de_automatizacion.md,OWN_ARTICLE,EXACT,physical_filename_or_h1,CANONICAL_PRE_RECONCILIATION,ARBRE_CANONIC.csv
"Modalidades, Estrategias y Sistemas de Trading > Tipos y Modalidades de Trading > Según el grado de automatización > Trading automático","Modalidades, Estrategias y Sistemas de Trading > Tipos y Modalidades de Trading > Según el grado de automatización",4,"Modalidades, Estrategias y Sistemas de Trading",Trading automático,ARTICLE,LEAF_ARTICLE,V05_MASS_REVIEW_CLOSED,1.0,1.0,0,N_2252e03dd9fd,N_97941eb06354,A_08356e741138,Trading_automatico.md,OWN_ARTICLE,EXACT,physical_filename_or_h1,CANONICAL_PRE_RECONCILIATION,ARBRE_CANONIC.csv
"Modalidades, Estrategias y Sistemas de Trading > Tipos y Modalidades de Trading > Según el horizonte temporal","Modalidades, Estrategias y Sistemas de Trading > Tipos y Modalidades de Trading",3,"Modalidades, Estrategias y Sistemas de Trading",Según el horizonte temporal,ARTICLE,MASTER_ARTICLE,V05_MASS_REVIEW_CLOSED,2.0,1.0,1,N_a6296ef4fe6a,N_eaf5f6a14ca6,A_b2decd5cc3af,Segun_el_horizonte_temporal.md,OWN_ARTICLE,EXACT,physical_filename_or_h1,CANONICAL_PRE_RECONCILIATION,ARBRE_CANONIC.csv
"Modalidades, Estrategias y Sistemas de Trading > Tipos y Modalidades de Trading > Según el horizonte temporal > Day Trading","Modalidades, Estrategias y Sistemas de Trading > Tipos y Modalidades de Trading > Según el horizonte temporal",4,"Modalidades, Estrategias y Sistemas de Trading",Day Trading,ARTICLE,LEAF_ARTICLE,V05_MASS_REVIEW_CLOSED,1.0,1.0,0,N_db0884fb9a29,N_a6296ef4fe6a,A_be9f8857c765,Day_Trading.md,OWN_ARTICLE,EXACT,physical_filename_or_h1,CANONICAL_PRE_RECONCILIATION,ARBRE_CANONIC.csv
"Modalidades, Estrategias y Sistemas de Trading > Tipos y Modalidades de Trading > Según el horizonte temporal > Position Trading","Modalidades, Estrategias y Sistemas de Trading > Tipos y Modalidades de Trading > Según el horizonte temporal",4,"Modalidades, Estrategias y Sistemas de Trading",Position Trading,ARTICLE,LEAF_ARTICLE,V05_MASS_REVIEW_CLOSED,1.0,1.0,1,N_c0931c19dc7a,N_a6296ef4fe6a,A_1bd03ccc9e3d,Position_Trading.md,OWN_ARTICLE,EXACT,physical_filename_or_h1,CANONICAL_PRE_RECONCILIATION,ARBRE_CANONIC.csv
"Modalidades, Estrategias y Sistemas de Trading > Tipos y Modalidades de Trading > Según el horizonte temporal > Scalping","Modalidades, Estrategias y Sistemas de Trading > Tipos y Modalidades de Trading > Según el horizonte temporal",4,"Modalidades, Estrategias y Sistemas de Trading",Scalping,ARTICLE,LEAF_ARTICLE,V05_MASS_REVIEW_CLOSED,1.0,1.0,2,N_cf6c171027b7,N_a6296ef4fe6a,A_9c81ff244e37,Scalping.md,OWN_ARTICLE,EXACT,physical_filename_or_h1,CANONICAL_PRE_RECONCILIATION,ARBRE_CANONIC.csv
"Modalidades, Estrategias y Sistemas de Trading > Tipos y Modalidades de Trading > Según el horizonte temporal > Swing Trading","Modalidades, Estrategias y Sistemas de Trading > Tipos y Modalidades de Trading > Según el horizonte temporal",4,"Modalidades, Estrategias y Sistemas de Trading",Swing Trading,ARTICLE,LEAF_ARTICLE,V05_MASS_REVIEW_CLOSED,1.0,1.0,3,N_bea8cc3310a3,N_a6296ef4fe6a,A_e0e4f82bd9dd,Swing_Trading.md,OWN_ARTICLE,EXACT,physical_filename_or_h1,CANONICAL_PRE_RECONCILIATION,ARBRE_CANONIC.csv
"Modalidades, Estrategias y Sistemas de Trading > Estrategias de Trading","Modalidades, Estrategias y Sistemas de Trading",2,"Modalidades, Estrategias y Sistemas de Trading",Estrategias de Trading,ARTICLE,MASTER_ARTICLE,V07_STRATEGIES_CANONICAL,,,0,N_85c4e356902f,N_3d8a4241c6a7,A_879bd305ae7e,Estrategias_de_Trading.md,OWN_ARTICLE,EXACT,physical_filename_or_h1,CANONICAL_PRE_RECONCILIATION,ARBRE_CANONIC.csv
"Modalidades, Estrategias y Sistemas de Trading > Estrategias de Trading > Estrategias direccionales y de comportamiento del precio","Modalidades, Estrategias y Sistemas de Trading > Estrategias de Trading",3,"Modalidades, Estrategias y Sistemas de Trading",Estrategias direccionales y de comportamiento del precio,ARTICLE,MASTER_ARTICLE,V07_STRATEGIES_CANONICAL,,,1,N_02e7fc94e056,N_85c4e356902f,A_03e96c042f77,Estrategias_direccionales_y_de_comportamiento_del_precio.md,OWN_ARTICLE,EXACT,physical_filename_or_h1,CANONICAL_PRE_RECONCILIATION,ARBRE_CANONIC.csv
"Modalidades, Estrategias y Sistemas de Trading > Estrategias de Trading > Estrategias direccionales y de comportamiento del precio > Seguimiento de tendencia","Modalidades, Estrategias y Sistemas de Trading > Estrategias de Trading > Estrategias direccionales y de comportamiento del precio",4,"Modalidades, Estrategias y Sistemas de Trading",Seguimiento de tendencia,ARTICLE,LEAF_ARTICLE,V07_STRATEGIES_CANONICAL,,,2,N_472423ff5f36,N_02e7fc94e056,A_e2a10055900d,Seguimiento_de_tendencia.md,OWN_ARTICLE,EXACT,physical_filename_or_h1,CANONICAL_PRE_RECONCILIATION,ARBRE_CANONIC.csv
"Modalidades, Estrategias y Sistemas de Trading > Estrategias de Trading > Estrategias direccionales y de comportamiento del precio > Estrategias de Momentum","Modalidades, Estrategias y Sistemas de Trading > Estrategias de Trading > Estrategias direccionales y de comportamiento del precio",4,"Modalidades, Estrategias y Sistemas de Trading",Estrategias de Momentum,ARTICLE,LEAF_ARTICLE,V07_STRATEGIES_CANONICAL,,,3,N_6518de80366c,N_02e7fc94e056,A_e65d173c1caf,Estrategias_de_Momentum.md,OWN_ARTICLE,EXACT,physical_filename_or_h1,CANONICAL_PRE_RECONCILIATION,ARBRE_CANONIC.csv
"Modalidades, Estrategias y Sistemas de Trading > Estrategias de Trading > Estrategias direccionales y de comportamiento del precio > Breakout","Modalidades, Estrategias y Sistemas de Trading > Estrategias de Trading > Estrategias direccionales y de comportamiento del precio",4,"Modalidades, Estrategias y Sistemas de Trading",Breakout,ARTICLE,LEAF_ARTICLE,V07_STRATEGIES_CANONICAL,,,4,N_3d5bcc57f3d2,N_02e7fc94e056,A_cb5655a8ea15,Breakout.md,OWN_ARTICLE,EXACT,physical_filename_or_h1,CANONICAL_PRE_RECONCILIATION,ARBRE_CANONIC.csv
"Modalidades, Estrategias y Sistemas de Trading > Estrategias de Trading > Estrategias direccionales y de comportamiento del precio > Reversión de tendencia","Modalidades, Estrategias y Sistemas de Trading > Estrategias de Trading > Estrategias direccionales y de comportamiento del precio",4,"Modalidades, Estrategias y Sistemas de Trading",Reversión de tendencia,ARTICLE,LEAF_ARTICLE,V07_STRATEGIES_CANONICAL,,,5,N_0b530f515eb3,N_02e7fc94e056,A_f4daa398c8cd,Reversion_de_tendencia.md,OWN_ARTICLE,EXACT,physical_filename_or_h1,CANONICAL_PRE_RECONCILIATION,ARBRE_CANONIC.csv
"Modalidades, Estrategias y Sistemas de Trading > Estrategias de Trading > Estrategias direccionales y de comportamiento del precio > Reversión a la media","Modalidades, Estrategias y Sistemas de Trading > Estrategias de Trading > Estrategias direccionales y de comportamiento del precio",4,"Modalidades, Estrategias y Sistemas de Trading",Reversión a la media,ARTICLE,LEAF_ARTICLE,V07_STRATEGIES_CANONICAL,,,6,N_800f288d50be,N_02e7fc94e056,A_03e96c042f77,Estrategias_direccionales_y_de_comportamiento_del_precio.md,SECTION_IN_ANCESTOR_ARTICLE,EXACT_HEADING,physical_heading,CANONICAL_PRE_RECONCILIATION,ARBRE_CANONIC.csv
"Modalidades, Estrategias y Sistemas de Trading > Estrategias de Trading > Estrategias direccionales y de comportamiento del precio > Range Trading","Modalidades, Estrategias y Sistemas de Trading > Estrategias de Trading > Estrategias direccionales y de comportamiento del precio",4,"Modalidades, Estrategias y Sistemas de Trading",Range Trading,ARTICLE,LEAF_ARTICLE,V07_STRATEGIES_CANONICAL,,,7,N_58e30f600efd,N_02e7fc94e056,A_9b536c224b76,Range_Trading.md,OWN_ARTICLE,EXACT,physical_filename_or_h1,CANONICAL_PRE_RECONCILIATION,ARBRE_CANONIC.csv
"Modalidades, Estrategias y Sistemas de Trading > Estrategias de Trading > Estrategias direccionales y de comportamiento del precio > Patrones y estructura del precio","Modalidades, Estrategias y Sistemas de Trading > Estrategias de Trading > Estrategias direccionales y de comportamiento del precio",4,"Modalidades, Estrategias y Sistemas de Trading",Patrones y estructura del precio,ARTICLE,LEAF_ARTICLE,V07_STRATEGIES_CANONICAL,,,8,N_3015d389ca88,N_02e7fc94e056,A_75eab2282b29,Patrones_y_estructura_del_precio.md,OWN_ARTICLE,EXACT,physical_filename_or_h1,CANONICAL_PRE_RECONCILIATION,ARBRE_CANONIC.csv
"Modalidades, Estrategias y Sistemas de Trading > Estrategias de Trading > Estrategias direccionales y de comportamiento del precio > Acumulación y distribución","Modalidades, Estrategias y Sistemas de Trading > Estrategias de Trading > Estrategias direccionales y de comportamiento del precio",4,"Modalidades, Estrategias y Sistemas de Trading",Acumulación y distribución,ARTICLE,LEAF_ARTICLE,V07_STRATEGIES_CANONICAL,,,9,N_db552cb065f5,N_02e7fc94e056,A_03e96c042f77,Estrategias_direccionales_y_de_comportamiento_del_precio.md,SECTION_IN_ANCESTOR_ARTICLE,EXACT_HEADING,physical_heading,CANONICAL_PRE_RECONCILIATION,ARBRE_CANONIC.csv
"Modalidades, Estrategias y Sistemas de Trading > Estrategias de Trading > Estrategias direccionales y de comportamiento del precio > Estrategias basadas en gaps","Modalidades, Estrategias y Sistemas de Trading > Estrategias de Trading > Estrategias direccionales y de comportamiento del precio",4,"Modalidades, Estrategias y Sistemas de Trading",Estrategias basadas en gaps,ARTICLE,LEAF_ARTICLE,V07_STRATEGIES_CANONICAL,,,10,N_8aeed778d428,N_02e7fc94e056,A_879bd305ae7e,Estrategias_de_Trading.md,SECTION_IN_ANCESTOR_ARTICLE,EXACT_HEADING,physical_heading,CANONICAL_PRE_RECONCILIATION,ARBRE_CANONIC.csv
"Modalidades, Estrategias y Sistemas de Trading > Estrategias de Trading > Estrategias de valor relativo, convergencia y arbitraje","Modalidades, Estrategias y Sistemas de Trading > Estrategias de Trading",3,"Modalidades, Estrategias y Sistemas de Trading","Estrategias de valor relativo, convergencia y arbitraje",ARTICLE,MASTER_ARTICLE,V07_STRATEGIES_CANONICAL,,,11,N_a403345ae159,N_85c4e356902f,A_effb745006f8,Estrategias_de_valor_relativo_convergencia_y_arbitraje.md,OWN_ARTICLE,EXACT,physical_filename_or_h1,CANONICAL_PRE_RECONCILIATION,ARBRE_CANONIC.csv
"Modalidades, Estrategias y Sistemas de Trading > Estrategias de Trading > Estrategias de valor relativo, convergencia y arbitraje > Arbitraje","Modalidades, Estrategias y Sistemas de Trading > Estrategias de Trading > Estrategias de valor relativo, convergencia y arbitraje",4,"Modalidades, Estrategias y Sistemas de Trading",Arbitraje,ARTICLE,MASTER_ARTICLE,V07_STRATEGIES_CANONICAL,,,12,N_6be06858ef55,N_a403345ae159,A_1436c4cdf7e6,Arbitraje.md,OWN_ARTICLE,EXACT,physical_filename_or_h1,CANONICAL_PRE_RECONCILIATION,ARBRE_CANONIC.csv
"Modalidades, Estrategias y Sistemas de Trading > Estrategias de Trading > Estrategias de valor relativo, convergencia y arbitraje > Arbitraje > Arbitraje estadístico","Modalidades, Estrategias y Sistemas de Trading > Estrategias de Trading > Estrategias de valor relativo, convergencia y arbitraje > Arbitraje",5,"Modalidades, Estrategias y Sistemas de Trading",Arbitraje estadístico,ARTICLE,LEAF_ARTICLE,V07_STRATEGIES_CANONICAL,,,13,N_745cf203e5ba,N_6be06858ef55,A_46ce9193e985,Arbitraje_estadistico.md,OWN_ARTICLE,EXACT,physical_filename_or_h1,CANONICAL_PRE_RECONCILIATION,ARBRE_CANONIC.csv
"Modalidades, Estrategias y Sistemas de Trading > Estrategias de Trading > Estrategias de valor relativo, convergencia y arbitraje > Pairs Trading","Modalidades, Estrategias y Sistemas de Trading > Estrategias de Trading > Estrategias de valor relativo, convergencia y arbitraje",4,"Modalidades, Estrategias y Sistemas de Trading",Pairs Trading,ARTICLE,LEAF_ARTICLE,V07_STRATEGIES_CANONICAL,,,14,N_fc1627fa7f57,N_a403345ae159,A_c6546b3fa683,Pairs_Trading.md,OWN_ARTICLE,EXACT,physical_filename_or_h1,CANONICAL_PRE_RECONCILIATION,ARBRE_CANONIC.csv
"Modalidades, Estrategias y Sistemas de Trading > Estrategias de Trading > Estrategias de valor relativo, convergencia y arbitraje > Cointegración","Modalidades, Estrategias y Sistemas de Trading > Estrategias de Trading > Estrategias de valor relativo, convergencia y arbitraje",4,"Modalidades, Estrategias y Sistemas de Trading",Cointegración,ARTICLE,LEAF_ARTICLE,V07_STRATEGIES_CANONICAL,,,15,N_859b80142110,N_a403345ae159,A_6e068cbe563d,Cointegracion.md,OWN_ARTICLE,EXACT,physical_filename_or_h1,CANONICAL_PRE_RECONCILIATION,ARBRE_CANONIC.csv
"Modalidades, Estrategias y Sistemas de Trading > Estrategias de Trading > Estrategias de valor relativo, convergencia y arbitraje > Carry","Modalidades, Estrategias y Sistemas de Trading > Estrategias de Trading > Estrategias de valor relativo, convergencia y arbitraje",4,"Modalidades, Estrategias y Sistemas de Trading",Carry,ARTICLE,LEAF_ARTICLE,V07_STRATEGIES_CANONICAL,,,16,N_8d0aa9db14f4,N_a403345ae159,A_9a9194bdb758,Carry.md,OWN_ARTICLE,EXACT,physical_filename_or_h1,CANONICAL_PRE_RECONCILIATION,ARBRE_CANONIC.csv
"Modalidades, Estrategias y Sistemas de Trading > Estrategias de Trading > Estrategias fundamentales y macroeconómicas","Modalidades, Estrategias y Sistemas de Trading > Estrategias de Trading",3,"Modalidades, Estrategias y Sistemas de Trading",Estrategias fundamentales y macroeconómicas,ARTICLE,MASTER_ARTICLE,V07_STRATEGIES_CANONICAL,,,17,N_7b6479f3a56f,N_85c4e356902f,A_965a3c69d1a6,Estrategias_fundamentales_y_macroeconomicas.md,OWN_ARTICLE,EXACT,physical_filename_or_h1,CANONICAL_PRE_RECONCILIATION,ARBRE_CANONIC.csv
"Modalidades, Estrategias y Sistemas de Trading > Estrategias de Trading > Estrategias fundamentales y macroeconómicas > Estrategias basadas en análisis fundamental","Modalidades, Estrategias y Sistemas de Trading > Estrategias de Trading > Estrategias fundamentales y macroeconómicas",4,"Modalidades, Estrategias y Sistemas de Trading",Estrategias basadas en análisis fundamental,ARTICLE,LEAF_ARTICLE,V07_STRATEGIES_CANONICAL,,,18,N_4b53533c6c31,N_7b6479f3a56f,A_101180f2e5bd,Estrategias_basadas_en_analisis_fundamental.md,OWN_ARTICLE,EXACT,physical_filename_or_h1,CANONICAL_PRE_RECONCILIATION,ARBRE_CANONIC.csv
"Modalidades, Estrategias y Sistemas de Trading > Estrategias de Trading > Estrategias fundamentales y macroeconómicas > Estrategias macroeconómicas","Modalidades, Estrategias y Sistemas de Trading > Estrategias de Trading > Estrategias fundamentales y macroeconómicas",4,"Modalidades, Estrategias y Sistemas de Trading",Estrategias macroeconómicas,ARTICLE,LEAF_ARTICLE,V07_STRATEGIES_CANONICAL,,,19,N_b23895b77a02,N_7b6479f3a56f,A_a7c35377bdee,Estrategias_macroeconomicas.md,OWN_ARTICLE,EXACT,physical_filename_or_h1,CANONICAL_PRE_RECONCILIATION,ARBRE_CANONIC.csv
"Modalidades, Estrategias y Sistemas de Trading > Estrategias de Trading > Estrategias fundamentales y macroeconómicas > Estrategias de eventos y noticias","Modalidades, Estrategias y Sistemas de Trading > Estrategias de Trading > Estrategias fundamentales y macroeconómicas",4,"Modalidades, Estrategias y Sistemas de Trading",Estrategias de eventos y noticias,ARTICLE,LEAF_ARTICLE,V07_STRATEGIES_CANONICAL,,,20,N_e7c5e80d0563,N_7b6479f3a56f,A_64aa4ba8394c,Estrategias_de_eventos_y_noticias.md,OWN_ARTICLE,EXACT,physical_filename_or_h1,CANONICAL_PRE_RECONCILIATION,ARBRE_CANONIC.csv
"Modalidades, Estrategias y Sistemas de Trading > Estrategias de Trading > Estrategias de volatilidad","Modalidades, Estrategias y Sistemas de Trading > Estrategias de Trading",3,"Modalidades, Estrategias y Sistemas de Trading",Estrategias de volatilidad,ARTICLE,LEAF_ARTICLE,V07_STRATEGIES_CANONICAL,,,21,N_183be19e6940,N_85c4e356902f,A_0765244fc410,Estrategias_de_volatilidad.md,OWN_ARTICLE,EXACT,physical_filename_or_h1,CANONICAL_PRE_RECONCILIATION,ARBRE_CANONIC.csv
"Modalidades, Estrategias y Sistemas de Trading > Estrategias de Trading > Estrategias de liquidez, microestructura y flujo de órdenes","Modalidades, Estrategias y Sistemas de Trading > Estrategias de Trading",3,"Modalidades, Estrategias y Sistemas de Trading","Estrategias de liquidez, microestructura y flujo de órdenes",ARTICLE,MASTER_ARTICLE,V07_STRATEGIES_CANONICAL,,,22,N_557cca649101,N_85c4e356902f,A_9ec4254a5958,Estrategias_de_liquidez_microestructura_y_flujo_de_ordenes.md,OWN_ARTICLE,EXACT,physical_filename_or_h1,CANONICAL_PRE_RECONCILIATION,ARBRE_CANONIC.csv
"Modalidades, Estrategias y Sistemas de Trading > Estrategias de Trading > Estrategias de liquidez, microestructura y flujo de órdenes > Estrategias de búsqueda de liquidez","Modalidades, Estrategias y Sistemas de Trading > Estrategias de Trading > Estrategias de liquidez, microestructura y flujo de órdenes",4,"Modalidades, Estrategias y Sistemas de Trading",Estrategias de búsqueda de liquidez,ARTICLE,LEAF_ARTICLE,V07_STRATEGIES_CANONICAL,,,23,N_2bb032b03a3e,N_557cca649101,A_02ba618e2227,Estrategias_de_busqueda_de_liquidez.md,OWN_ARTICLE,EXACT,physical_filename_or_h1,CANONICAL_PRE_RECONCILIATION,ARBRE_CANONIC.csv
"Modalidades, Estrategias y Sistemas de Trading > Estrategias de Trading > Estrategias de liquidez, microestructura y flujo de órdenes > Estrategias basadas en Order Flow","Modalidades, Estrategias y Sistemas de Trading > Estrategias de Trading > Estrategias de liquidez, microestructura y flujo de órdenes",4,"Modalidades, Estrategias y Sistemas de Trading",Estrategias basadas en Order Flow,ARTICLE,LEAF_ARTICLE,V07_STRATEGIES_CANONICAL,,,24,N_e1214fa720ab,N_557cca649101,A_12c5f931c398,Estrategias_basadas_en_Order_Flow.md,OWN_ARTICLE,EXACT,physical_filename_or_h1,CANONICAL_PRE_RECONCILIATION,ARBRE_CANONIC.csv
"Modalidades, Estrategias y Sistemas de Trading > Estrategias de Trading > Estrategias de liquidez, microestructura y flujo de órdenes > Estrategias basadas en volumen","Modalidades, Estrategias y Sistemas de Trading > Estrategias de Trading > Estrategias de liquidez, microestructura y flujo de órdenes",4,"Modalidades, Estrategias y Sistemas de Trading",Estrategias basadas en volumen,ARTICLE,LEAF_ARTICLE,V07_STRATEGIES_CANONICAL,,,25,N_1ed4690dfda2,N_557cca649101,A_a8f4b27d48ec,Estrategias_basadas_en_volumen.md,OWN_ARTICLE,EXACT,physical_filename_or_h1,CANONICAL_PRE_RECONCILIATION,ARBRE_CANONIC.csv
"Modalidades, Estrategias y Sistemas de Trading > Estrategias de Trading > Estrategias de sentimiento y posicionamiento","Modalidades, Estrategias y Sistemas de Trading > Estrategias de Trading",3,"Modalidades, Estrategias y Sistemas de Trading",Estrategias de sentimiento y posicionamiento,ARTICLE,LEAF_ARTICLE,V07_STRATEGIES_CANONICAL,,,26,N_03a2b2bc768b,N_85c4e356902f,A_a3edfa8790d5,Estrategias_de_sentimiento_y_posicionamiento.md,OWN_ARTICLE,EXACT,physical_filename_or_h1,CANONICAL_PRE_RECONCILIATION,ARBRE_CANONIC.csv
"Modalidades, Estrategias y Sistemas de Trading > Estrategias de Trading > Estrategias temporales, estacionales y de sesión","Modalidades, Estrategias y Sistemas de Trading > Estrategias de Trading",3,"Modalidades, Estrategias y Sistemas de Trading","Estrategias temporales, estacionales y de sesión",ARTICLE,MASTER_ARTICLE,V07_STRATEGIES_CANONICAL,,,27,N_5a5500a26676,N_85c4e356902f,A_119b52a45b17,Estrategias_temporales_estacionales_y_de_sesion.md,OWN_ARTICLE,EXACT,physical_filename_or_h1,CANONICAL_PRE_RECONCILIATION,ARBRE_CANONIC.csv
"Modalidades, Estrategias y Sistemas de Trading > Estrategias de Trading > Estrategias temporales, estacionales y de sesión > Estrategias estacionales y de calendario","Modalidades, Estrategias y Sistemas de Trading > Estrategias de Trading > Estrategias temporales, estacionales y de sesión",4,"Modalidades, Estrategias y Sistemas de Trading",Estrategias estacionales y de calendario,ARTICLE,LEAF_ARTICLE,V07_STRATEGIES_CANONICAL,,,28,N_0cca09c3b076,N_5a5500a26676,A_84ee5b04b34e,Estrategias_estacionales_y_de_calendario.md,OWN_ARTICLE,EXACT,physical_filename_or_h1,CANONICAL_PRE_RECONCILIATION,ARBRE_CANONIC.csv
"Modalidades, Estrategias y Sistemas de Trading > Estrategias de Trading > Estrategias temporales, estacionales y de sesión > Estrategias de sesión y apertura","Modalidades, Estrategias y Sistemas de Trading > Estrategias de Trading > Estrategias temporales, estacionales y de sesión",4,"Modalidades, Estrategias y Sistemas de Trading",Estrategias de sesión y apertura,ARTICLE,LEAF_ARTICLE,V07_STRATEGIES_CANONICAL,,,29,N_131816c97edc,N_5a5500a26676,A_a76cf0fd2fb7,Estrategias_de_sesion_y_apertura.md,OWN_ARTICLE,EXACT,physical_filename_or_h1,CANONICAL_PRE_RECONCILIATION,ARBRE_CANONIC.csv
"Modalidades, Estrategias y Sistemas de Trading > Estrategias de Trading > Estrategias temporales, estacionales y de sesión > Open Range Breakout","Modalidades, Estrategias y Sistemas de Trading > Estrategias de Trading > Estrategias temporales, estacionales y de sesión",4,"Modalidades, Estrategias y Sistemas de Trading",Open Range Breakout,ARTICLE,LEAF_ARTICLE,V07_STRATEGIES_CANONICAL,,,30,N_80bb361453b6,N_5a5500a26676,A_60a996563146,Open_Range_Breakout.md,OWN_ARTICLE,EXACT,physical_filename_or_h1,CANONICAL_PRE_RECONCILIATION,ARBRE_CANONIC.csv
"Modalidades, Estrategias y Sistemas de Trading > Estrategias de Trading > Cobertura y protección de cartera","Modalidades, Estrategias y Sistemas de Trading > Estrategias de Trading",3,"Modalidades, Estrategias y Sistemas de Trading",Cobertura y protección de cartera,ARTICLE,LEAF_ARTICLE,V07_STRATEGIES_CANONICAL,,,31,N_0e6272a18361,N_85c4e356902f,A_fccc0e331c74,Cobertura_Hedging.md,SECTION_IN_OTHER_ARTICLE,PHYSICAL_CANONICAL_METADATA,article_frontmatter_or_heading,CANONICAL_PRE_RECONCILIATION,ARBRE_CANONIC.csv
"Modalidades, Estrategias y Sistemas de Trading > Estrategias de Trading > Estrategias basadas en gestión monetaria y estructura de posiciones","Modalidades, Estrategias y Sistemas de Trading > Estrategias de Trading",3,"Modalidades, Estrategias y Sistemas de Trading",Estrategias basadas en gestión monetaria y estructura de posiciones,ARTICLE,MASTER_ARTICLE,V07_STRATEGIES_CANONICAL,,,32,N_b4b45994588c,N_85c4e356902f,A_253c645c1c80,Estrategias_basadas_en_gestion_monetaria_y_estructura_de_posiciones.md,OWN_ARTICLE,EXACT,physical_filename_or_h1,CANONICAL_PRE_RECONCILIATION,ARBRE_CANONIC.csv
"Modalidades, Estrategias y Sistemas de Trading > Estrategias de Trading > Estrategias basadas en gestión monetaria y estructura de posiciones > Grid Trading","Modalidades, Estrategias y Sistemas de Trading > Estrategias de Trading > Estrategias basadas en gestión monetaria y estructura de posiciones",4,"Modalidades, Estrategias y Sistemas de Trading",Grid Trading,ARTICLE,LEAF_ARTICLE,V07_STRATEGIES_CANONICAL,,,33,N_d73deb0d8ed8,N_b4b45994588c,A_fe6d03ab626c,Grid_Trading.md,OWN_ARTICLE,EXACT,physical_filename_or_h1,CANONICAL_PRE_RECONCILIATION,ARBRE_CANONIC.csv
"Modalidades, Estrategias y Sistemas de Trading > Sistemas de Trading","Modalidades, Estrategias y Sistemas de Trading",2,"Modalidades, Estrategias y Sistemas de Trading",Sistemas de Trading,ARTICLE,MASTER_ARTICLE,V05_MASS_REVIEW_CLOSED,5.0,8.0,2,N_598a5787fdd9,N_3d8a4241c6a7,A_0596456e7715,Sistemas_de_Trading.md,OWN_ARTICLE,EXACT,physical_filename_or_h1,CANONICAL_PRE_RECONCILIATION,ARBRE_CANONIC.csv
"Modalidades, Estrategias y Sistemas de Trading > Sistemas de Trading > Diseño de un sistema","Modalidades, Estrategias y Sistemas de Trading > Sistemas de Trading",3,"Modalidades, Estrategias y Sistemas de Trading",Diseño de un sistema,ARTICLE,MASTER_ARTICLE,V05_MASS_REVIEW_CLOSED,8.0,5.0,1,N_8fe6a8c40c4d,N_598a5787fdd9,A_39e00deeb8a7,Diseno_de_un_sistema.md,OWN_ARTICLE,EXACT,physical_filename_or_h1,CANONICAL_PRE_RECONCILIATION,ARBRE_CANONIC.csv
"Modalidades, Estrategias y Sistemas de Trading > Sistemas de Trading > Backtesting","Modalidades, Estrategias y Sistemas de Trading > Sistemas de Trading",3,"Modalidades, Estrategias y Sistemas de Trading",Backtesting,ARTICLE,MASTER_ARTICLE,V05_MASS_REVIEW_CLOSED,1.0,1.0,2,N_305d6fadb2f2,N_598a5787fdd9,A_60e4a0cb6ff9,Backtesting.md,OWN_ARTICLE,EXACT,physical_filename_or_h1,CANONICAL_PRE_RECONCILIATION,ARBRE_CANONIC.csv
"Modalidades, Estrategias y Sistemas de Trading > Sistemas de Trading > Backtesting > Sesgos y errores del backtesting","Modalidades, Estrategias y Sistemas de Trading > Sistemas de Trading > Backtesting",4,"Modalidades, Estrategias y Sistemas de Trading",Sesgos y errores del backtesting,ARTICLE,LEAF_ARTICLE,V05_MASS_REVIEW_CLOSED,0.0,0.0,0,N_ebaa1512bd15,N_305d6fadb2f2,A_247b309bf523,Sesgos_y_errores_del_backtesting.md,OWN_ARTICLE,EXACT,physical_filename_or_h1,CANONICAL_PRE_RECONCILIATION,ARBRE_CANONIC.csv
"Modalidades, Estrategias y Sistemas de Trading > Sistemas de Trading > Validación de sistemas","Modalidades, Estrategias y Sistemas de Trading > Sistemas de Trading",3,"Modalidades, Estrategias y Sistemas de Trading",Validación de sistemas,ARTICLE,MASTER_ARTICLE,V05_MASS_REVIEW_CLOSED,0.0,0.0,3,N_89ad24c9989f,N_598a5787fdd9,A_03b8475137c3,Validacion_de_sistemas.md,OWN_ARTICLE,EXACT,physical_filename_or_h1,CANONICAL_PRE_RECONCILIATION,ARBRE_CANONIC.csv
"Modalidades, Estrategias y Sistemas de Trading > Sistemas de Trading > Validación de sistemas > Optimización y sobreajuste","Modalidades, Estrategias y Sistemas de Trading > Sistemas de Trading > Validación de sistemas",4,"Modalidades, Estrategias y Sistemas de Trading",Optimización y sobreajuste,ARTICLE,LEAF_ARTICLE,V05_MASS_REVIEW_CLOSED,0.0,0.0,0,N_17a4ccf2320b,N_89ad24c9989f,A_31ba6e5d6de1,Optimizacion_y_sobreajuste.md,OWN_ARTICLE,EXACT,physical_filename_or_h1,CANONICAL_PRE_RECONCILIATION,ARBRE_CANONIC.csv
"Modalidades, Estrategias y Sistemas de Trading > Sistemas de Trading > Validación de sistemas > Walk-forward analysis","Modalidades, Estrategias y Sistemas de Trading > Sistemas de Trading > Validación de sistemas",4,"Modalidades, Estrategias y Sistemas de Trading",Walk-forward analysis,ARTICLE,LEAF_ARTICLE,V05_MASS_REVIEW_CLOSED,0.0,0.0,1,N_cd02fbb50257,N_89ad24c9989f,A_392b39cdcdf6,Walk_forward_analysis.md,OWN_ARTICLE,EXACT,physical_filename_or_h1,CANONICAL_PRE_RECONCILIATION,ARBRE_CANONIC.csv
"Modalidades, Estrategias y Sistemas de Trading > Sistemas de Trading > Métricas de rendimiento de sistemas","Modalidades, Estrategias y Sistemas de Trading > Sistemas de Trading",3,"Modalidades, Estrategias y Sistemas de Trading",Métricas de rendimiento de sistemas,ARTICLE,LEAF_ARTICLE,V05_MASS_REVIEW_CLOSED,0.0,0.0,4,N_b350860029ea,N_598a5787fdd9,A_fa22c524adc1,Metricas_de_rendimiento_de_sistemas.md,OWN_ARTICLE,EXACT,physical_filename_or_h1,CANONICAL_PRE_RECONCILIATION,ARBRE_CANONIC.csv
"Modalidades, Estrategias y Sistemas de Trading > Sistemas de Trading > Trading algorítmico y automático","Modalidades, Estrategias y Sistemas de Trading > Sistemas de Trading",3,"Modalidades, Estrategias y Sistemas de Trading",Trading algorítmico y automático,ARTICLE,MASTER_ARTICLE,V05_MASS_REVIEW_CLOSED,5.0,4.0,5,N_ae15d0308fe5,N_598a5787fdd9,A_62b5572b10dd,Trading_algoritmico_y_automatico.md,OWN_ARTICLE,EXACT,physical_filename_or_h1,CANONICAL_PRE_RECONCILIATION,ARBRE_CANONIC.csv
"Modalidades, Estrategias y Sistemas de Trading > Sistemas de Trading > Trading algorítmico y automático > HFT","Modalidades, Estrategias y Sistemas de Trading > Sistemas de Trading > Trading algorítmico y automático",4,"Modalidades, Estrategias y Sistemas de Trading",HFT,ARTICLE,LEAF_ARTICLE,V05_MASS_REVIEW_CLOSED,6.0,8.0,5,N_dfa55d4a2588,N_ae15d0308fe5,A_7f6b296a4e2b,HFT.md,OWN_ARTICLE,EXACT,physical_filename_or_h1,CANONICAL_PRE_RECONCILIATION,ARBRE_CANONIC.csv
"Modalidades, Estrategias y Sistemas de Trading > Sistemas de Trading > Trading algorítmico y automático > Sistema automático, robot y bot","Modalidades, Estrategias y Sistemas de Trading > Sistemas de Trading > Trading algorítmico y automático",4,"Modalidades, Estrategias y Sistemas de Trading","Sistema automático, robot y bot",ARTICLE,LEAF_ARTICLE,V05_MASS_REVIEW_CLOSED,1.0,1.0,6,N_8e3ccf419497,N_ae15d0308fe5,A_f69171bf1b9f,Sistema_automatico_robot_y_bot.md,OWN_ARTICLE,EXACT,physical_filename_or_h1,CANONICAL_PRE_RECONCILIATION,ARBRE_CANONIC.csv
"Gestión del Riesgo, Gestión Monetaria y Psicotrading",Biblioteca de Trading,1,"Gestión del Riesgo, Gestión Monetaria y Psicotrading","Gestión del Riesgo, Gestión Monetaria y Psicotrading",ARTICLE,MASTER_ARTICLE,V05_MASS_REVIEW_CLOSED,0.0,0.0,5,N_c2f3c82f191e,N_653fa1164539,A_e8b155b8b3dd,Gestion_del_Riesgo_Gestion_Monetaria_y_Psicotrading.md,OWN_ARTICLE,EXACT,physical_filename_or_h1,CANONICAL_PRE_RECONCILIATION,ARBRE_CANONIC.csv
"Gestión del Riesgo, Gestión Monetaria y Psicotrading > Gestión del Riesgo","Gestión del Riesgo, Gestión Monetaria y Psicotrading",2,"Gestión del Riesgo, Gestión Monetaria y Psicotrading",Gestión del Riesgo,ARTICLE,MASTER_ARTICLE,V05_MASS_REVIEW_CLOSED,37.0,34.0,0,N_9e59d990c4f9,N_c2f3c82f191e,A_c27212df8510,Gestion_del_Riesgo.md,OWN_ARTICLE,EXACT,physical_filename_or_h1,CANONICAL_PRE_RECONCILIATION,ARBRE_CANONIC.csv
"Gestión del Riesgo, Gestión Monetaria y Psicotrading > Gestión del Riesgo > Tipos de riesgo","Gestión del Riesgo, Gestión Monetaria y Psicotrading > Gestión del Riesgo",3,"Gestión del Riesgo, Gestión Monetaria y Psicotrading",Tipos de riesgo,ARTICLE,MASTER_ARTICLE,V05_MASS_REVIEW_CLOSED,1.0,2.0,0,N_8c47c83187b8,N_9e59d990c4f9,A_0acf625c7373,Tipos_de_riesgo.md,OWN_ARTICLE,EXACT,physical_filename_or_h1,CANONICAL_PRE_RECONCILIATION,ARBRE_CANONIC.csv
"Gestión del Riesgo, Gestión Monetaria y Psicotrading > Gestión del Riesgo > Tipos de riesgo > Riesgo de crédito y contraparte","Gestión del Riesgo, Gestión Monetaria y Psicotrading > Gestión del Riesgo > Tipos de riesgo",4,"Gestión del Riesgo, Gestión Monetaria y Psicotrading",Riesgo de crédito y contraparte,ARTICLE,MASTER_ARTICLE,V05_MASS_REVIEW_CLOSED,0.0,0.0,0,N_cd3244e070bf,N_8c47c83187b8,A_8020991d433d,Riesgo_de_credito_y_contraparte.md,OWN_ARTICLE,EXACT,physical_filename_or_h1,CANONICAL_PRE_RECONCILIATION,ARBRE_CANONIC.csv
"Gestión del Riesgo, Gestión Monetaria y Psicotrading > Gestión del Riesgo > Tipos de riesgo > Riesgo de liquidez","Gestión del Riesgo, Gestión Monetaria y Psicotrading > Gestión del Riesgo > Tipos de riesgo",4,"Gestión del Riesgo, Gestión Monetaria y Psicotrading",Riesgo de liquidez,ARTICLE,LEAF_ARTICLE,V05_MASS_REVIEW_CLOSED,1.0,1.0,1,N_6ad1f4b42b70,N_8c47c83187b8,A_930adedc5e90,Riesgo_de_liquidez.md,OWN_ARTICLE,EXACT,physical_filename_or_h1,CANONICAL_PRE_RECONCILIATION,ARBRE_CANONIC.csv
"Gestión del Riesgo, Gestión Monetaria y Psicotrading > Gestión del Riesgo > Tipos de riesgo > Riesgo de mercado","Gestión del Riesgo, Gestión Monetaria y Psicotrading > Gestión del Riesgo > Tipos de riesgo",4,"Gestión del Riesgo, Gestión Monetaria y Psicotrading",Riesgo de mercado,ARTICLE,LEAF_ARTICLE,V05_MASS_REVIEW_CLOSED,0.0,0.0,2,N_b1f1f076af3a,N_8c47c83187b8,A_85e287270306,Riesgo_de_mercado.md,OWN_ARTICLE,EXACT,physical_filename_or_h1,CANONICAL_PRE_RECONCILIATION,ARBRE_CANONIC.csv
"Gestión del Riesgo, Gestión Monetaria y Psicotrading > Gestión del Riesgo > Tipos de riesgo > Riesgo operativo y tecnológico","Gestión del Riesgo, Gestión Monetaria y Psicotrading > Gestión del Riesgo > Tipos de riesgo",4,"Gestión del Riesgo, Gestión Monetaria y Psicotrading",Riesgo operativo y tecnológico,ARTICLE,LEAF_ARTICLE,V05_MASS_REVIEW_CLOSED,0.0,0.0,3,N_ac5e0e1d2d40,N_8c47c83187b8,A_624d1690763d,Riesgo_operativo_tecnologico.md,OWN_ARTICLE,EXACT,physical_filename_or_h1,CANONICAL_PRE_RECONCILIATION,ARBRE_CANONIC.csv
"Gestión del Riesgo, Gestión Monetaria y Psicotrading > Gestión del Riesgo > Control y seguimiento del riesgo","Gestión del Riesgo, Gestión Monetaria y Psicotrading > Gestión del Riesgo",3,"Gestión del Riesgo, Gestión Monetaria y Psicotrading",Control y seguimiento del riesgo,ARTICLE,LEAF_ARTICLE,RESTORED_V16_AUDIT_V04,2.0,0.0,1,N_0573e395bb10,N_9e59d990c4f9,A_c27212df8510,Gestion_del_Riesgo.md,SECTION_IN_ANCESTOR_ARTICLE,EXACT_HEADING,physical_heading,CANONICAL_PRE_RECONCILIATION,ARBRE_CANONIC.csv
"Gestión del Riesgo, Gestión Monetaria y Psicotrading > Gestión del Riesgo > Medición cuantitativa del riesgo","Gestión del Riesgo, Gestión Monetaria y Psicotrading > Gestión del Riesgo",3,"Gestión del Riesgo, Gestión Monetaria y Psicotrading",Medición cuantitativa del riesgo,ARTICLE,LEAF_ARTICLE,V05_MASS_REVIEW_CLOSED,0.0,0.0,3,N_225665ac03fc,N_9e59d990c4f9,A_3f0956d60b8d,Medicion_cuantitativa_riesgo.md,OWN_ARTICLE,EXACT,physical_filename_or_h1,CANONICAL_PRE_RECONCILIATION,ARBRE_CANONIC.csv
"Gestión del Riesgo, Gestión Monetaria y Psicotrading > Gestión del Riesgo > Medición cuantitativa del riesgo > Stress testing y análisis de escenarios","Gestión del Riesgo, Gestión Monetaria y Psicotrading > Gestión del Riesgo > Medición cuantitativa del riesgo",4,"Gestión del Riesgo, Gestión Monetaria y Psicotrading",Stress testing y análisis de escenarios,ARTICLE,MASTER_ARTICLE,V05_MASS_REVIEW_CLOSED,0.0,0.0,0,N_76acf1ac24fb,N_225665ac03fc,A_37c815c1a2c3,Stress_testing_escenarios.md,OWN_ARTICLE,EXACT,physical_filename_or_h1,CANONICAL_PRE_RECONCILIATION,ARBRE_CANONIC.csv
"Gestión del Riesgo, Gestión Monetaria y Psicotrading > Gestión del Riesgo > Medición cuantitativa del riesgo > Value at Risk (VaR) y Expected Shortfall","Gestión del Riesgo, Gestión Monetaria y Psicotrading > Gestión del Riesgo > Medición cuantitativa del riesgo",4,"Gestión del Riesgo, Gestión Monetaria y Psicotrading",Value at Risk (VaR) y Expected Shortfall,ARTICLE,LEAF_ARTICLE,V05_MASS_REVIEW_CLOSED,0.0,0.0,1,N_5acfc6a25398,N_225665ac03fc,A_9378596da2a9,VaR_Expected_Shortfall.md,OWN_ARTICLE,EXACT,physical_filename_or_h1,CANONICAL_PRE_RECONCILIATION,ARBRE_CANONIC.csv
"Gestión del Riesgo, Gestión Monetaria y Psicotrading > Gestión del Riesgo > Riesgos extremos","Gestión del Riesgo, Gestión Monetaria y Psicotrading > Gestión del Riesgo",3,"Gestión del Riesgo, Gestión Monetaria y Psicotrading",Riesgos extremos,ARTICLE,LEAF_ARTICLE,V05_MASS_REVIEW_CLOSED,0.0,0.0,4,N_d782d3ba81f3,N_9e59d990c4f9,A_81a5144e3dc4,Riesgos_extremos.md,OWN_ARTICLE,EXACT,physical_filename_or_h1,CANONICAL_PRE_RECONCILIATION,ARBRE_CANONIC.csv
"Gestión del Riesgo, Gestión Monetaria y Psicotrading > Gestión del Riesgo > Riesgos extremos > Black Swans","Gestión del Riesgo, Gestión Monetaria y Psicotrading > Gestión del Riesgo > Riesgos extremos",4,"Gestión del Riesgo, Gestión Monetaria y Psicotrading",Black Swans,ARTICLE,MASTER_ARTICLE,V05_MASS_REVIEW_CLOSED,1.0,1.0,0,N_2da3bd429c63,N_d782d3ba81f3,A_35db84e5fd80,Black_Swans.md,OWN_ARTICLE,EXACT,physical_filename_or_h1,CANONICAL_PRE_RECONCILIATION,ARBRE_CANONIC.csv
"Gestión del Riesgo, Gestión Monetaria y Psicotrading > Gestión Monetaria","Gestión del Riesgo, Gestión Monetaria y Psicotrading",2,"Gestión del Riesgo, Gestión Monetaria y Psicotrading",Gestión Monetaria,ARTICLE,LEAF_ARTICLE,V05_MASS_REVIEW_CLOSED,7.0,8.0,1,N_735e273c327d,N_c2f3c82f191e,A_473f67517972,Gestion_Monetaria.md,OWN_ARTICLE,EXACT,physical_filename_or_h1,CANONICAL_PRE_RECONCILIATION,ARBRE_CANONIC.csv
"Gestión del Riesgo, Gestión Monetaria y Psicotrading > Gestión Monetaria > Crecimiento y preservación","Gestión del Riesgo, Gestión Monetaria y Psicotrading > Gestión Monetaria",3,"Gestión del Riesgo, Gestión Monetaria y Psicotrading",Crecimiento y preservación,ARTICLE,MASTER_ARTICLE,V05_MASS_REVIEW_CLOSED,2.0,1.0,0,N_3d427a4829fd,N_735e273c327d,A_3c4107827f15,Crecimiento_y_preservacion.md,OWN_ARTICLE,EXACT,physical_filename_or_h1,CANONICAL_PRE_RECONCILIATION,ARBRE_CANONIC.csv
"Gestión del Riesgo, Gestión Monetaria y Psicotrading > Gestión Monetaria > Crecimiento y preservación > Recuperación tras drawdown","Gestión del Riesgo, Gestión Monetaria y Psicotrading > Gestión Monetaria > Crecimiento y preservación",4,"Gestión del Riesgo, Gestión Monetaria y Psicotrading",Recuperación tras drawdown,ARTICLE,LEAF_ARTICLE,RESTORED_V16_AUDIT_V04,1.0,1.0,0,N_09f5f1ce4bb5,N_3d427a4829fd,A_3c4107827f15,Crecimiento_y_preservacion.md,SECTION_IN_ANCESTOR_ARTICLE,EXACT_HEADING,physical_heading,CANONICAL_PRE_RECONCILIATION,ARBRE_CANONIC.csv
"Gestión del Riesgo, Gestión Monetaria y Psicotrading > Gestión Monetaria > Dimensionamiento de posiciones","Gestión del Riesgo, Gestión Monetaria y Psicotrading > Gestión Monetaria",3,"Gestión del Riesgo, Gestión Monetaria y Psicotrading",Dimensionamiento de posiciones,ARTICLE,LEAF_ARTICLE,V05_MASS_REVIEW_CLOSED,1.0,1.0,2,N_579cdf0ab088,N_735e273c327d,A_b23d3723962a,Dimensionamiento_posiciones.md,OWN_ARTICLE,EXACT,physical_filename_or_h1,CANONICAL_PRE_RECONCILIATION,ARBRE_CANONIC.csv
"Gestión del Riesgo, Gestión Monetaria y Psicotrading > Gestión Monetaria > Esperanza matemática aplicada al trading","Gestión del Riesgo, Gestión Monetaria y Psicotrading > Gestión Monetaria",3,"Gestión del Riesgo, Gestión Monetaria y Psicotrading",Esperanza matemática aplicada al trading,ARTICLE,LEAF_ARTICLE,V05_MASS_REVIEW_CLOSED,0.0,0.0,3,N_3025c6711444,N_735e273c327d,A_7f9953ce59e1,Esperanza_matematica_trading.md,OWN_ARTICLE,EXACT,physical_filename_or_h1,CANONICAL_PRE_RECONCILIATION,ARBRE_CANONIC.csv
"Gestión del Riesgo, Gestión Monetaria y Psicotrading > Gestión Monetaria > Gestión de la posición","Gestión del Riesgo, Gestión Monetaria y Psicotrading > Gestión Monetaria",3,"Gestión del Riesgo, Gestión Monetaria y Psicotrading",Gestión de la posición,ARTICLE,LEAF_ARTICLE,V05_MASS_REVIEW_CLOSED,0.0,0.0,4,N_f9638d248ff8,N_735e273c327d,A_2dc674b1a488,Gestion_de_la_posicion.md,OWN_ARTICLE,EXACT,physical_filename_or_h1,CANONICAL_PRE_RECONCILIATION,ARBRE_CANONIC.csv
"Gestión del Riesgo, Gestión Monetaria y Psicotrading > Gestión Monetaria > Gestión de la posición > Break-even","Gestión del Riesgo, Gestión Monetaria y Psicotrading > Gestión Monetaria > Gestión de la posición",4,"Gestión del Riesgo, Gestión Monetaria y Psicotrading",Break-even,ARTICLE,MASTER_ARTICLE,V05_MASS_EDITORIAL_COLLAPSE,0.0,0.0,0,N_9069ef84d0a9,N_f9638d248ff8,A_2dc674b1a488,Gestion_de_la_posicion.md,SECTION_IN_ANCESTOR_ARTICLE,EXACT_HEADING,physical_heading,CANONICAL_PRE_RECONCILIATION,ARBRE_CANONIC.csv
"Gestión del Riesgo, Gestión Monetaria y Psicotrading > Gestión Monetaria > Métodos y progresiones > Martingala","Gestión del Riesgo, Gestión Monetaria y Psicotrading > Gestión Monetaria > Métodos y progresiones",3,"Gestión del Riesgo, Gestión Monetaria y Psicotrading",Martingala,ARTICLE,MASTER_ARTICLE,V05_MASS_REVIEW_CLOSED,1.0,0.0,0,N_a404da037d28,N_667013adc800,A_14bbf73820a1,Martingala.md,OWN_ARTICLE,EXACT,physical_filename_or_h1,CANONICAL_PRE_RECONCILIATION,ARBRE_CANONIC.csv
"Gestión del Riesgo, Gestión Monetaria y Psicotrading > Gestión Monetaria > Relación riesgo/beneficio y múltiplos R","Gestión del Riesgo, Gestión Monetaria y Psicotrading > Gestión Monetaria",3,"Gestión del Riesgo, Gestión Monetaria y Psicotrading",Relación riesgo/beneficio y múltiplos R,ARTICLE,LEAF_ARTICLE,V05_MASS_REVIEW_CLOSED,0.0,0.0,6,N_8aeabc788190,N_735e273c327d,A_ffe49441288a,Riesgo_beneficio_multiplos_R.md,OWN_ARTICLE,EXACT,physical_filename_or_h1,CANONICAL_PRE_RECONCILIATION,ARBRE_CANONIC.csv
"Gestión del Riesgo, Gestión Monetaria y Psicotrading > Gestión Monetaria > Gestión de pérdidas y beneficios","Gestión del Riesgo, Gestión Monetaria y Psicotrading > Gestión Monetaria",3,"Gestión del Riesgo, Gestión Monetaria y Psicotrading",Gestión de pérdidas y beneficios,ARTICLE,LEAF_ARTICLE,RESTORED_V16_AUDIT_V04,1.0,1.0,7,N_421d9718a01f,N_735e273c327d,A_473f67517972,Gestion_Monetaria.md,SECTION_IN_ANCESTOR_ARTICLE,EDITORIAL_STRUCTURE_VERIFIED,canonical_parent_article,CANONICAL_PRE_RECONCILIATION,ARBRE_CANONIC.csv
"Gestión del Riesgo, Gestión Monetaria y Psicotrading > Psicotrading > Conductas y problemas","Gestión del Riesgo, Gestión Monetaria y Psicotrading > Psicotrading",2,"Gestión del Riesgo, Gestión Monetaria y Psicotrading",Conductas y problemas,ARTICLE,MASTER_ARTICLE,V05_MASS_REVIEW_CLOSED,0.0,0.0,0,N_70758f737504,N_c61890f57f5e,A_00c4e575604c,Conductas_y_problemas_psicotrading.md,OWN_ARTICLE,EXACT,physical_filename_or_h1,CANONICAL_PRE_RECONCILIATION,ARBRE_CANONIC.csv
"Gestión del Riesgo, Gestión Monetaria y Psicotrading > Psicotrading > Conductas y problemas > Conducta adictiva y juego problemático","Gestión del Riesgo, Gestión Monetaria y Psicotrading > Psicotrading > Conductas y problemas",3,"Gestión del Riesgo, Gestión Monetaria y Psicotrading",Conducta adictiva y juego problemático,ARTICLE,MASTER_ARTICLE,V05_MASS_REVIEW_CLOSED,1.0,1.0,0,N_2b3dd8209f11,N_70758f737504,A_f9cf9e5f0f4e,Conducta_adictiva_juego_problematico.md,OWN_ARTICLE,EXACT,physical_filename_or_h1,CANONICAL_PRE_RECONCILIATION,ARBRE_CANONIC.csv
"Gestión del Riesgo, Gestión Monetaria y Psicotrading > Psicotrading > Conductas y problemas > FOMO","Gestión del Riesgo, Gestión Monetaria y Psicotrading > Psicotrading > Conductas y problemas",3,"Gestión del Riesgo, Gestión Monetaria y Psicotrading",FOMO,ARTICLE,LEAF_ARTICLE,V05_MASS_REVIEW_CLOSED,1.0,1.0,1,N_9d4a2562073e,N_70758f737504,A_97907605c9be,FOMO.md,OWN_ARTICLE,EXACT,physical_filename_or_h1,CANONICAL_PRE_RECONCILIATION,ARBRE_CANONIC.csv
"Gestión del Riesgo, Gestión Monetaria y Psicotrading > Psicotrading > Conductas y problemas > Revenge Trading","Gestión del Riesgo, Gestión Monetaria y Psicotrading > Psicotrading > Conductas y problemas",3,"Gestión del Riesgo, Gestión Monetaria y Psicotrading",Revenge Trading,ARTICLE,LEAF_ARTICLE,V05_MASS_REVIEW_CLOSED,1.0,1.0,2,N_4c0329944be9,N_70758f737504,A_5504f6a56b7b,Revenge_Trading.md,OWN_ARTICLE,EXACT,physical_filename_or_h1,CANONICAL_PRE_RECONCILIATION,ARBRE_CANONIC.csv
"Gestión del Riesgo, Gestión Monetaria y Psicotrading > Psicotrading > Desarrollo y rendimiento mental","Gestión del Riesgo, Gestión Monetaria y Psicotrading > Psicotrading",2,"Gestión del Riesgo, Gestión Monetaria y Psicotrading",Desarrollo y rendimiento mental,ARTICLE,LEAF_ARTICLE,V05_MASS_REVIEW_CLOSED,0.0,0.0,1,N_adda7c9cb4d9,N_c61890f57f5e,A_08f860ce8960,Desarrollo_rendimiento_mental.md,OWN_ARTICLE,EXACT,physical_filename_or_h1,CANONICAL_PRE_RECONCILIATION,ARBRE_CANONIC.csv
"Gestión del Riesgo, Gestión Monetaria y Psicotrading > Psicotrading > Desarrollo y rendimiento mental > Capital Mental","Gestión del Riesgo, Gestión Monetaria y Psicotrading > Psicotrading > Desarrollo y rendimiento mental",3,"Gestión del Riesgo, Gestión Monetaria y Psicotrading",Capital Mental,ARTICLE,MASTER_ARTICLE,V05_MASS_EDITORIAL_COLLAPSE,1.0,1.0,0,N_2faac2623383,N_adda7c9cb4d9,A_08f860ce8960,Desarrollo_rendimiento_mental.md,SECTION_IN_ANCESTOR_ARTICLE,EXACT_HEADING,physical_heading,CANONICAL_PRE_RECONCILIATION,ARBRE_CANONIC.csv
"Gestión del Riesgo, Gestión Monetaria y Psicotrading > Psicotrading > Disciplina y autocontrol > Disciplina","Gestión del Riesgo, Gestión Monetaria y Psicotrading > Psicotrading > Disciplina y autocontrol",2,"Gestión del Riesgo, Gestión Monetaria y Psicotrading",Disciplina,ARTICLE,MASTER_ARTICLE,V05_MASS_EDITORIAL_COLLAPSE,1.0,1.0,0,N_e28836d0d327,N_938550e1b9ed,A_a5fbf1d294fd,Disciplina_y_autocontrol.md,SECTION_IN_OTHER_ARTICLE,HIGH_PHYSICAL_CONTENT,physical_article_content_and_owner,CANONICAL_PRE_RECONCILIATION,ARBRE_CANONIC.csv
"Gestión del Riesgo, Gestión Monetaria y Psicotrading > Psicotrading > Emociones > La emociones en el Trading","Gestión del Riesgo, Gestión Monetaria y Psicotrading > Psicotrading > Emociones",2,"Gestión del Riesgo, Gestión Monetaria y Psicotrading",La emociones en el Trading,ARTICLE,MASTER_ARTICLE,V05_MASS_EDITORIAL_COLLAPSE,1.0,1.0,0,N_419df3cdee03,N_efa7e725b384,A_5f09f17b4f31,Emociones_trading.md,SECTION_IN_OTHER_ARTICLE,HIGH_PHYSICAL_CONTENT,physical_article_content_and_owner,CANONICAL_PRE_RECONCILIATION,ARBRE_CANONIC.csv
"Gestión del Riesgo, Gestión Monetaria y Psicotrading > Psicotrading > Gestión psicológica > Gestión de pérdidas","Gestión del Riesgo, Gestión Monetaria y Psicotrading > Psicotrading > Gestión psicológica",2,"Gestión del Riesgo, Gestión Monetaria y Psicotrading",Gestión de pérdidas,ARTICLE,MASTER_ARTICLE,V05_MASS_EDITORIAL_COLLAPSE,1.0,1.0,0,N_f86b6c5634b1,N_9c88a522f986,A_54d121fef0da,Gestion_psicologica.md,HEADING_IN_OTHER_ARTICLE,EXACT_HEADING,physical_heading,CANONICAL_PRE_RECONCILIATION,ARBRE_CANONIC.csv
"Gestión del Riesgo, Gestión Monetaria y Psicotrading > Psicotrading > Suerte, azar y varianza","Gestión del Riesgo, Gestión Monetaria y Psicotrading > Psicotrading",2,"Gestión del Riesgo, Gestión Monetaria y Psicotrading","Suerte, azar y varianza",ARTICLE,LEAF_ARTICLE,RESTORED_V16_AUDIT_V05,1.0,1.0,6,N_6f1ce22e18d8,N_c61890f57f5e,A_e8b155b8b3dd,Gestion_del_Riesgo_Gestion_Monetaria_y_Psicotrading.md,SECTION_IN_ANCESTOR_ARTICLE,EDITORIAL_STRUCTURE_VERIFIED,canonical_parent_article,CANONICAL_PRE_RECONCILIATION,ARBRE_CANONIC.csv
Gestión de Carteras / Portfolio Management > Fundamentos de gestión de carteras,Gestión de Carteras / Portfolio Management,1,Gestión de Carteras / Portfolio Management,Fundamentos de gestión de carteras,ARTICLE,MASTER_ARTICLE,V05_MASS_REVIEW_CLOSED,0.0,0.0,0,N_30642e915fd8,N_053f456aee00,A_b8d7dd28be54,Fundamentos_gestion_carteras.md,OWN_ARTICLE,EXACT,physical_filename_or_h1,CANONICAL_PRE_RECONCILIATION,ARBRE_CANONIC.csv
"Gestión de Carteras / Portfolio Management > Fundamentos de gestión de carteras > CAPM, beta y prima de riesgo",Gestión de Carteras / Portfolio Management > Fundamentos de gestión de carteras,2,Gestión de Carteras / Portfolio Management,"CAPM, beta y prima de riesgo",ARTICLE,LEAF_ARTICLE,V05_MASS_REVIEW_CLOSED,0.0,0.0,0,N_b81c29cedd12,N_30642e915fd8,A_057875bd391d,CAPM_beta_prima_riesgo.md,OWN_ARTICLE,EXACT,physical_filename_or_h1,CANONICAL_PRE_RECONCILIATION,ARBRE_CANONIC.csv
Gestión de Carteras / Portfolio Management > Fundamentos de gestión de carteras > Diversificación de carteras,Gestión de Carteras / Portfolio Management > Fundamentos de gestión de carteras,2,Gestión de Carteras / Portfolio Management,Diversificación de carteras,ARTICLE,LEAF_ARTICLE,V05_MASS_REVIEW_CLOSED,0.0,0.0,1,N_23a60e97d5a2,N_30642e915fd8,A_877e3bdb28cd,Diversificacion_de_carteras.md,OWN_ARTICLE,EXACT,physical_filename_or_h1,CANONICAL_PRE_RECONCILIATION,ARBRE_CANONIC.csv
Gestión de Carteras / Portfolio Management > Fundamentos de gestión de carteras > Riesgo y rentabilidad de cartera,Gestión de Carteras / Portfolio Management > Fundamentos de gestión de carteras,2,Gestión de Carteras / Portfolio Management,Riesgo y rentabilidad de cartera,ARTICLE,LEAF_ARTICLE,V05_MASS_REVIEW_CLOSED,0.0,0.0,2,N_15d5f5f83931,N_30642e915fd8,A_de5664d6eacf,Riesgo_y_rentabilidad_de_cartera.md,OWN_ARTICLE,EXACT,physical_filename_or_h1,CANONICAL_PRE_RECONCILIATION,ARBRE_CANONIC.csv
Gestión de Carteras / Portfolio Management > Asignación de activos,Gestión de Carteras / Portfolio Management,1,Gestión de Carteras / Portfolio Management,Asignación de activos,ARTICLE,LEAF_ARTICLE,V05_MASS_REVIEW_CLOSED,0.0,0.0,1,N_978c0a91d312,N_053f456aee00,A_7d757ceb5dfe,Asignacion_de_activos.md,OWN_ARTICLE,EXACT,physical_filename_or_h1,CANONICAL_PRE_RECONCILIATION,ARBRE_CANONIC.csv
Gestión de Carteras / Portfolio Management > Benchmarks e índices de referencia,Gestión de Carteras / Portfolio Management,1,Gestión de Carteras / Portfolio Management,Benchmarks e índices de referencia,ARTICLE,LEAF_ARTICLE,V05_MASS_REVIEW_CLOSED,0.0,0.0,2,N_b540fb3239fc,N_053f456aee00,A_48e7200b7320,Benchmarks_indices_referencia.md,OWN_ARTICLE,EXACT,physical_filename_or_h1,CANONICAL_PRE_RECONCILIATION,ARBRE_CANONIC.csv
Gestión de Carteras / Portfolio Management > Construcción y optimización de carteras,Gestión de Carteras / Portfolio Management,1,Gestión de Carteras / Portfolio Management,Construcción y optimización de carteras,ARTICLE,MASTER_ARTICLE,V05_MASS_REVIEW_CLOSED,0.0,0.0,3,N_a37d3831d49f,N_053f456aee00,A_875099f7673a,Construccion_optimizacion_carteras.md,OWN_ARTICLE,EXACT,physical_filename_or_h1,CANONICAL_PRE_RECONCILIATION,ARBRE_CANONIC.csv
Gestión de Carteras / Portfolio Management > Construcción y optimización de carteras > Frontera eficiente y teoría moderna de carteras,Gestión de Carteras / Portfolio Management > Construcción y optimización de carteras,2,Gestión de Carteras / Portfolio Management,Frontera eficiente y teoría moderna de carteras,ARTICLE,LEAF_ARTICLE,V05_MASS_REVIEW_CLOSED,0.0,0.0,0,N_3614c6f6c24a,N_a37d3831d49f,A_2752a63f978b,Frontera_eficiente_teoria_moderna_carteras.md,OWN_ARTICLE,EXACT,physical_filename_or_h1,CANONICAL_PRE_RECONCILIATION,ARBRE_CANONIC.csv
Gestión de Carteras / Portfolio Management > Gestión de carteras por clase y enfoque,Gestión de Carteras / Portfolio Management,1,Gestión de Carteras / Portfolio Management,Gestión de carteras por clase y enfoque,ARTICLE,MASTER_ARTICLE,V05_MASS_REVIEW_CLOSED,0.0,0.0,4,N_00bfde890062,N_053f456aee00,A_af485f2f5a61,Gestion_carteras_clase_enfoque.md,OWN_ARTICLE,EXACT,physical_filename_or_h1,CANONICAL_PRE_RECONCILIATION,ARBRE_CANONIC.csv
Gestión de Carteras / Portfolio Management > Gestión de carteras por clase y enfoque > Gestión de carteras de renta fija,Gestión de Carteras / Portfolio Management > Gestión de carteras por clase y enfoque,2,Gestión de Carteras / Portfolio Management,Gestión de carteras de renta fija,ARTICLE,LEAF_ARTICLE,V05_MASS_REVIEW_CLOSED,0.0,0.0,0,N_3d58961d2b08,N_00bfde890062,A_99e4117fec99,Gestion_carteras_renta_fija.md,OWN_ARTICLE,EXACT,physical_filename_or_h1,CANONICAL_PRE_RECONCILIATION,ARBRE_CANONIC.csv
Gestión de Carteras / Portfolio Management > Gestión de carteras por clase y enfoque > Gestión de carteras de renta variable,Gestión de Carteras / Portfolio Management > Gestión de carteras por clase y enfoque,2,Gestión de Carteras / Portfolio Management,Gestión de carteras de renta variable,ARTICLE,LEAF_ARTICLE,V05_MASS_REVIEW_CLOSED,0.0,0.0,1,N_bc2d56a55b84,N_00bfde890062,A_1b87354786f5,Gestion_carteras_renta_variable.md,OWN_ARTICLE,EXACT,physical_filename_or_h1,CANONICAL_PRE_RECONCILIATION,ARBRE_CANONIC.csv
Gestión de Carteras / Portfolio Management > Gestión de carteras por clase y enfoque > Inversión indexada y gestión pasiva,Gestión de Carteras / Portfolio Management > Gestión de carteras por clase y enfoque,2,Gestión de Carteras / Portfolio Management,Inversión indexada y gestión pasiva,ARTICLE,LEAF_ARTICLE,V05_MASS_REVIEW_CLOSED,0.0,0.0,2,N_8aa86bc68eb5,N_00bfde890062,A_07b1af3876f2,Inversion_indexada_gestion_pasiva.md,OWN_ARTICLE,EXACT,physical_filename_or_h1,CANONICAL_PRE_RECONCILIATION,ARBRE_CANONIC.csv
Gestión de Carteras / Portfolio Management > Gestión de carteras por clase y enfoque > Liability-driven investing e inmunización,Gestión de Carteras / Portfolio Management > Gestión de carteras por clase y enfoque,2,Gestión de Carteras / Portfolio Management,Liability-driven investing e inmunización,ARTICLE,LEAF_ARTICLE,V05_MASS_REVIEW_CLOSED,0.0,0.0,3,N_b1337f7086b9,N_00bfde890062,A_d0e9cd6f97b7,Liability_driven_investing_inmunizacion.md,OWN_ARTICLE,EXACT,physical_filename_or_h1,CANONICAL_PRE_RECONCILIATION,ARBRE_CANONIC.csv
Gestión de Carteras / Portfolio Management > Gestión del riesgo de cartera,Gestión de Carteras / Portfolio Management,1,Gestión de Carteras / Portfolio Management,Gestión del riesgo de cartera,ARTICLE,LEAF_ARTICLE,V05_MASS_REVIEW_CLOSED,0.0,0.0,5,N_10e16a5b6afb,N_053f456aee00,A_69a78023f4c7,Gestion_riesgo_cartera.md,OWN_ARTICLE,EXACT,physical_filename_or_h1,CANONICAL_PRE_RECONCILIATION,ARBRE_CANONIC.csv
Gestión de Carteras / Portfolio Management > Medición y evaluación del rendimiento,Gestión de Carteras / Portfolio Management,1,Gestión de Carteras / Portfolio Management,Medición y evaluación del rendimiento,ARTICLE,MASTER_ARTICLE,V05_MASS_REVIEW_CLOSED,0.0,0.0,6,N_e15c897cef23,N_053f456aee00,A_01315c92b71c,Medicion_evaluacion_rendimiento.md,OWN_ARTICLE,EXACT,physical_filename_or_h1,CANONICAL_PRE_RECONCILIATION,ARBRE_CANONIC.csv
Gestión de Carteras / Portfolio Management > Medición y evaluación del rendimiento > Atribución de rendimiento,Gestión de Carteras / Portfolio Management > Medición y evaluación del rendimiento,2,Gestión de Carteras / Portfolio Management,Atribución de rendimiento,ARTICLE,LEAF_ARTICLE,V05_MASS_REVIEW_CLOSED,0.0,0.0,0,N_8d3e9c567308,N_e15c897cef23,A_e54927178b0c,Atribucion_rendimiento.md,OWN_ARTICLE,EXACT,physical_filename_or_h1,CANONICAL_PRE_RECONCILIATION,ARBRE_CANONIC.csv
Gestión de Carteras / Portfolio Management > Medición y evaluación del rendimiento > Métricas ajustadas por riesgo,Gestión de Carteras / Portfolio Management > Medición y evaluación del rendimiento,2,Gestión de Carteras / Portfolio Management,Métricas ajustadas por riesgo,ARTICLE,LEAF_ARTICLE,V05_MASS_REVIEW_CLOSED,0.0,0.0,1,N_c6976125c2fe,N_e15c897cef23,A_70ea808f6e87,Metricas_ajustadas_por_riesgo.md,OWN_ARTICLE,EXACT,physical_filename_or_h1,CANONICAL_PRE_RECONCILIATION,ARBRE_CANONIC.csv
Gestión de Carteras / Portfolio Management > Política de inversión y restricciones (IPS),Gestión de Carteras / Portfolio Management,1,Gestión de Carteras / Portfolio Management,Política de inversión y restricciones (IPS),ARTICLE,LEAF_ARTICLE,V05_MASS_REVIEW_CLOSED,0.0,0.0,7,N_b00b95f27a4e,N_053f456aee00,A_f123e5991ad8,Politica_inversion_restricciones_IPS.md,OWN_ARTICLE_ALIAS,0.935,strong_filename_alias,CANONICAL_PRE_RECONCILIATION,ARBRE_CANONIC.csv
Gestión de Carteras / Portfolio Management > Rebalanceo de cartera,Gestión de Carteras / Portfolio Management,1,Gestión de Carteras / Portfolio Management,Rebalanceo de cartera,ARTICLE,LEAF_ARTICLE,V05_MASS_REVIEW_CLOSED,0.0,0.0,8,N_1cb0e06ffe27,N_053f456aee00,A_84051109866e,Rebalanceo_cartera.md,OWN_ARTICLE,EXACT,physical_filename_or_h1,CANONICAL_PRE_RECONCILIATION,ARBRE_CANONIC.csv
Plan de Trading,Biblioteca de Trading,1,Plan de Trading,Plan de Trading,ARTICLE,MASTER_ARTICLE,V05_MASS_REVIEW_CLOSED,1.0,2.0,7,N_dace74da7667,N_653fa1164539,A_8147861ba939,Plan_de_Trading.md,OWN_ARTICLE,EXACT,physical_filename_or_h1,CANONICAL_PRE_RECONCILIATION,ARBRE_CANONIC.csv
Plan de Trading > Fundamentos del plan de trading,Plan de Trading,2,Plan de Trading,Fundamentos del plan de trading,ARTICLE,MASTER_ARTICLE,V07_PLAN_TRADING_CANONICAL,,,0,N_f7618cd99f3f,N_dace74da7667,A_f538fb905093,Fundamentos_plan_trading.md,OWN_ARTICLE,EXACT,physical_filename_or_h1,CANONICAL_PRE_RECONCILIATION,ARBRE_CANONIC.csv
Plan de Trading > Perfil operativo y marco de actuación,Plan de Trading,2,Plan de Trading,Perfil operativo y marco de actuación,ARTICLE,LEAF_ARTICLE,V07_PLAN_TRADING_CANONICAL,,,1,N_8f0a6451dc57,N_dace74da7667,A_45b1aff2ede6,Perfil_operativo_marco_actuacion.md,OWN_ARTICLE,EXACT,physical_filename_or_h1,CANONICAL_PRE_RECONCILIATION,ARBRE_CANONIC.csv
Plan de Trading > Reglas de entrada y setups,Plan de Trading,2,Plan de Trading,Reglas de entrada y setups,ARTICLE,MASTER_ARTICLE,V07_PLAN_TRADING_CANONICAL,,,2,N_6e38fc878bb3,N_dace74da7667,A_899097e7da42,Reglas_entrada_setups.md,OWN_ARTICLE,EXACT,physical_filename_or_h1,CANONICAL_PRE_RECONCILIATION,ARBRE_CANONIC.csv
Plan de Trading > Reglas de salida y gestión de la posición,Plan de Trading,2,Plan de Trading,Reglas de salida y gestión de la posición,ARTICLE,MASTER_ARTICLE,V07_PLAN_TRADING_CANONICAL,,,3,N_35dc92a1a846,N_dace74da7667,A_84b5c539a8b5,Reglas_salida_gestion_posicion.md,OWN_ARTICLE,EXACT,physical_filename_or_h1,CANONICAL_PRE_RECONCILIATION,ARBRE_CANONIC.csv
Plan de Trading > Riesgo y dimensionamiento dentro del plan,Plan de Trading,2,Plan de Trading,Riesgo y dimensionamiento dentro del plan,ARTICLE,MASTER_ARTICLE,V07_PLAN_TRADING_CANONICAL,,,4,N_d780380ec304,N_dace74da7667,A_c3dadc902167,Riesgo_dimensionamiento_plan.md,OWN_ARTICLE,EXACT,physical_filename_or_h1,CANONICAL_PRE_RECONCILIATION,ARBRE_CANONIC.csv
Plan de Trading > Rutina y proceso de trading,Plan de Trading,2,Plan de Trading,Rutina y proceso de trading,ARTICLE,MASTER_ARTICLE,V07_PLAN_TRADING_CANONICAL,,,5,N_c1d1d91aecba,N_dace74da7667,A_5ec2cb9b5522,Rutina_proceso_trading.md,OWN_ARTICLE,EXACT,physical_filename_or_h1,CANONICAL_PRE_RECONCILIATION,ARBRE_CANONIC.csv
Plan de Trading > Reglas de conducta y situaciones de no operar,Plan de Trading,2,Plan de Trading,Reglas de conducta y situaciones de no operar,ARTICLE,LEAF_ARTICLE,V07_PLAN_TRADING_CANONICAL,,,6,N_dd55897f01a3,N_dace74da7667,A_9f8b612c8f1b,Reglas_conducta_no_operar.md,OWN_ARTICLE,EXACT,physical_filename_or_h1,CANONICAL_PRE_RECONCILIATION,ARBRE_CANONIC.csv
Plan de Trading > Diario registro y trazabilidad,Plan de Trading,2,Plan de Trading,Diario registro y trazabilidad,ARTICLE,MASTER_ARTICLE,V07_PLAN_TRADING_CANONICAL,,,7,N_02a4ea8111e2,N_dace74da7667,A_2c739255fede,Diario_registro_trazabilidad.md,OWN_ARTICLE,EXACT,physical_filename_or_h1,CANONICAL_PRE_RECONCILIATION,ARBRE_CANONIC.csv
Plan de Trading > Métricas y evaluación del plan,Plan de Trading,2,Plan de Trading,Métricas y evaluación del plan,ARTICLE,MASTER_ARTICLE,V07_PLAN_TRADING_CANONICAL,,,8,N_caf8c49f844e,N_dace74da7667,A_80038c07af7d,Metricas_evaluacion_plan.md,OWN_ARTICLE,EXACT,physical_filename_or_h1,CANONICAL_PRE_RECONCILIATION,ARBRE_CANONIC.csv
Plan de Trading > Revisión y evolución del plan,Plan de Trading,2,Plan de Trading,Revisión y evolución del plan,ARTICLE,MASTER_ARTICLE,V07_PLAN_TRADING_CANONICAL,,,9,N_e551f0f3fc98,N_dace74da7667,A_4e70f035cb34,Revision_evolucion_plan.md,OWN_ARTICLE,EXACT,physical_filename_or_h1,CANONICAL_PRE_RECONCILIATION,ARBRE_CANONIC.csv
Plan de Trading > Plantilla de plan de trading,Plan de Trading,2,Plan de Trading,Plantilla de plan de trading,ARTICLE,LEAF_ARTICLE,V07_PLAN_TRADING_CANONICAL,,,10,N_64e63c123410,N_dace74da7667,A_76722dfe5902,Plantilla_plan_trading.md,OWN_ARTICLE,EXACT,physical_filename_or_h1,CANONICAL_PRE_RECONCILIATION,ARBRE_CANONIC.csv
El Trader Retail,Biblioteca de Trading,1,El Trader Retail,El Trader Retail,ARTICLE,MASTER_ARTICLE,V05_MASS_REVIEW_CLOSED,11.0,10.0,8,N_e14e38f7caeb,N_653fa1164539,A_6e6396502299,El_Trader_Retail.md,OWN_ARTICLE,EXACT,physical_filename_or_h1,CANONICAL_PRE_RECONCILIATION,ARBRE_CANONIC.csv
El Trader Retail > El trading como profesión,El Trader Retail,2,El Trader Retail,El trading como profesión,ARTICLE,MASTER_ARTICLE,V05_MASS_REVIEW_CLOSED,9.0,9.0,6,N_0eca4de4f4a5,N_e14e38f7caeb,A_5e3cd1263bec,Trading_como_profesion.md,OWN_ARTICLE,EXACT,physical_filename_or_h1,CANONICAL_PRE_RECONCILIATION,ARBRE_CANONIC.csv
El Trader Retail > El trading como profesión > Futuro del trader retail,El Trader Retail > El trading como profesión,3,El Trader Retail,Futuro del trader retail,ARTICLE,LEAF_ARTICLE,V05_MASS_REVIEW_CLOSED,1.0,2.0,3,N_1be20f3bba4b,N_0eca4de4f4a5,A_73c8bce3a0d4,Futuro_trader_retail.md,OWN_ARTICLE,EXACT,physical_filename_or_h1,CANONICAL_PRE_RECONCILIATION,ARBRE_CANONIC.csv
El Trader Retail > Formación del trader,El Trader Retail,2,El Trader Retail,Formación del trader,ARTICLE,LEAF_ARTICLE,V05_MASS_REVIEW_CLOSED,6.0,5.0,7,N_4a4e77818e98,N_e14e38f7caeb,A_20e1c0790803,Formacion_del_trader.md,OWN_ARTICLE,EXACT,physical_filename_or_h1,CANONICAL_PRE_RECONCILIATION,ARBRE_CANONIC.csv
El Trader Retail > Entorno de trabajo del trader,El Trader Retail,2,El Trader Retail,Entorno de trabajo del trader,ARTICLE,LEAF_ARTICLE,V05_MASS_REVIEW_CLOSED,2.0,3.0,8,N_aa30992bd57e,N_e14e38f7caeb,A_6d8208be5070,Entorno_trabajo_trader.md,OWN_ARTICLE,EXACT,physical_filename_or_h1,CANONICAL_PRE_RECONCILIATION,ARBRE_CANONIC.csv
El Trader Retail > Operativa diaria del trader,El Trader Retail,2,El Trader Retail,Operativa diaria del trader,ARTICLE,MASTER_ARTICLE,V05_MASS_REVIEW_CLOSED,0.0,0.0,9,N_7742a33b9b00,N_e14e38f7caeb,A_b625a0c2110e,Operativa_diaria_trader.md,OWN_ARTICLE,EXACT,physical_filename_or_h1,CANONICAL_PRE_RECONCILIATION,ARBRE_CANONIC.csv
El Trader Retail > Operativa diaria del trader > Sesión de trading,El Trader Retail > Operativa diaria del trader,3,El Trader Retail,Sesión de trading,ARTICLE,MASTER_ARTICLE,V05_MASS_REVIEW_CLOSED,3.0,4.0,0,N_fa105fec4fbe,N_7742a33b9b00,A_91ad7b5780a3,Sesion_de_trading.md,OWN_ARTICLE,EXACT,physical_filename_or_h1,CANONICAL_PRE_RECONCILIATION,ARBRE_CANONIC.csv
El Trader Retail > Operativa y logística del trader,El Trader Retail,2,El Trader Retail,Operativa y logística del trader,ARTICLE,LEAF_ARTICLE,V05_MASS_REVIEW_CLOSED,1.0,2.0,10,N_331dc35cfe52,N_e14e38f7caeb,A_6d1c0fd3080e,Operativa_logistica_trader.md,OWN_ARTICLE,EXACT,physical_filename_or_h1,CANONICAL_PRE_RECONCILIATION,ARBRE_CANONIC.csv
El Trader Retail > Diario de trading,El Trader Retail,2,El Trader Retail,Diario de trading,ARTICLE,LEAF_ARTICLE,V05_MASS_REVIEW_CLOSED,1.0,2.0,11,N_cc451b04e675,N_e14e38f7caeb,A_8d0881add153,Diario_de_trading.md,OWN_ARTICLE,EXACT,physical_filename_or_h1,CANONICAL_PRE_RECONCILIATION,ARBRE_CANONIC.csv
El Trader Retail > Métricas del trader,El Trader Retail,2,El Trader Retail,Métricas del trader,ARTICLE,MASTER_ARTICLE,V05_MASS_REVIEW_CLOSED,1.0,1.0,12,N_aafb1b962fc7,N_e14e38f7caeb,A_770e1ce8c3a5,Metricas_del_trader.md,OWN_ARTICLE,EXACT,physical_filename_or_h1,CANONICAL_PRE_RECONCILIATION,ARBRE_CANONIC.csv
El Trader Retail > Métricas del trader > Curva de capital,El Trader Retail > Métricas del trader,3,El Trader Retail,Curva de capital,ARTICLE,LEAF_ARTICLE,V05_MASS_REVIEW_CLOSED,0.0,0.0,0,N_d381028969a0,N_aafb1b962fc7,A_19873531d304,Curva_de_capital.md,OWN_ARTICLE,EXACT,physical_filename_or_h1,CANONICAL_PRE_RECONCILIATION,ARBRE_CANONIC.csv
El Trader Retail > Auditoría y track record,El Trader Retail,2,El Trader Retail,Auditoría y track record,ARTICLE,LEAF_ARTICLE,V05_MASS_REVIEW_CLOSED,1.0,2.0,13,N_9abd44ef87a7,N_e14e38f7caeb,A_550e223e3b42,Auditoria_track_record.md,OWN_ARTICLE,EXACT,physical_filename_or_h1,CANONICAL_PRE_RECONCILIATION,ARBRE_CANONIC.csv
El Trader Retail > Capital y financiación del trader,El Trader Retail,2,El Trader Retail,Capital y financiación del trader,ARTICLE,LEAF_ARTICLE,V05_MASS_REVIEW_CLOSED,2.0,2.0,14,N_bcd3d8e8f332,N_e14e38f7caeb,A_0aacb99f2eb2,Capital_financiacion_trader.md,OWN_ARTICLE,EXACT,physical_filename_or_h1,CANONICAL_PRE_RECONCILIATION,ARBRE_CANONIC.csv
Brokers e Intermediación,Biblioteca de Trading,1,Brokers e Intermediación,Brokers e Intermediación,ARTICLE,MASTER_ARTICLE,V05_MASS_REVIEW_CLOSED,10.0,9.0,9,N_23aa8b2e2a64,N_653fa1164539,A_d828ba445b43,Brokers_e_Intermediacion.md,OWN_ARTICLE,EXACT,physical_filename_or_h1,CANONICAL_PRE_RECONCILIATION,ARBRE_CANONIC.csv
Brokers e Intermediación > Fundamentos de la intermediación > Papel del broker en una operación,Brokers e Intermediación > Fundamentos de la intermediación,2,Brokers e Intermediación,Papel del broker en una operación,ARTICLE,MASTER_ARTICLE,V05_MASS_REVIEW_CLOSED,1.0,1.0,0,N_3adc4830c32c,N_0b71860c519b,A_dccc35507e7f,Papel_broker_operacion.md,OWN_ARTICLE,EXACT,physical_filename_or_h1,CANONICAL_PRE_RECONCILIATION,ARBRE_CANONIC.csv
Brokers e Intermediación > Tipos y modelos de broker,Brokers e Intermediación,2,Brokers e Intermediación,Tipos y modelos de broker,ARTICLE,LEAF_ARTICLE,V05_MASS_REVIEW_CLOSED,2.0,2.0,1,N_c078a39478cf,N_23aa8b2e2a64,A_c69383974d89,Tipos_modelos_broker.md,OWN_ARTICLE,EXACT,physical_filename_or_h1,CANONICAL_PRE_RECONCILIATION,ARBRE_CANONIC.csv
Brokers e Intermediación > Tipos y modelos de broker > Modelos de negocio,Brokers e Intermediación > Tipos y modelos de broker,3,Brokers e Intermediación,Modelos de negocio,ARTICLE,MASTER_ARTICLE,V05_MASS_REVIEW_CLOSED,1.0,1.0,0,N_729150b0241b,N_c078a39478cf,A_83db7ffc7431,Modelos_negocio_broker.md,OWN_ARTICLE,EXACT,physical_filename_or_h1,CANONICAL_PRE_RECONCILIATION,ARBRE_CANONIC.csv
Brokers e Intermediación > Cuentas y operativa con brokers,Brokers e Intermediación,2,Brokers e Intermediación,Cuentas y operativa con brokers,ARTICLE,LEAF_ARTICLE,V05_MASS_REVIEW_CLOSED,0.0,0.0,2,N_fd2d890e3930,N_23aa8b2e2a64,A_d1ecf7e5a797,Cuentas_operativa_brokers.md,OWN_ARTICLE,EXACT,physical_filename_or_h1,CANONICAL_PRE_RECONCILIATION,ARBRE_CANONIC.csv
"Brokers e Intermediación > Cuentas y operativa con brokers > Apertura, depósitos y retiros",Brokers e Intermediación > Cuentas y operativa con brokers,3,Brokers e Intermediación,"Apertura, depósitos y retiros",ARTICLE,MASTER_ARTICLE,V05_MASS_REVIEW_CLOSED,1.0,1.0,0,N_6586d07a9ebd,N_fd2d890e3930,A_dc605089744e,Apertura_depositos_retiros.md,OWN_ARTICLE,EXACT,physical_filename_or_h1,CANONICAL_PRE_RECONCILIATION,ARBRE_CANONIC.csv
Brokers e Intermediación > Introducción y conceptos básicos,Brokers e Intermediación,2,Brokers e Intermediación,Introducción y conceptos básicos,ARTICLE,LEAF_ARTICLE,V05_MASS_EDITORIAL_COLLAPSE,1.0,1.0,3,N_3fac74055c5b,N_23aa8b2e2a64,A_d828ba445b43,Brokers_e_Intermediacion.md,SECTION_IN_ANCESTOR_ARTICLE,EXACT_HEADING,physical_heading,CANONICAL_PRE_RECONCILIATION,ARBRE_CANONIC.csv
Brokers e Intermediación > Modelos de ejecución e intermediación,Brokers e Intermediación,2,Brokers e Intermediación,Modelos de ejecución e intermediación,ARTICLE,MASTER_ARTICLE,V05_MASS_REVIEW_CLOSED,0.0,0.0,4,N_918854e698fd,N_23aa8b2e2a64,A_cfcb6b856b0c,Modelos_ejecucion_intermediacion.md,OWN_ARTICLE,EXACT,physical_filename_or_h1,CANONICAL_PRE_RECONCILIATION,ARBRE_CANONIC.csv
Brokers e Intermediación > Modelos de ejecución e intermediación > Best execution,Brokers e Intermediación > Modelos de ejecución e intermediación,3,Brokers e Intermediación,Best execution,ARTICLE,LEAF_ARTICLE,V05_MASS_REVIEW_CLOSED,0.0,0.0,0,N_d4b9614d2180,N_918854e698fd,A_68c8cd98501f,Best_execution.md,OWN_ARTICLE,EXACT,physical_filename_or_h1,CANONICAL_PRE_RECONCILIATION,ARBRE_CANONIC.csv
Brokers e Intermediación > Modelos de ejecución e intermediación > Gestión de exposición y cobertura del broker,Brokers e Intermediación > Modelos de ejecución e intermediación,3,Brokers e Intermediación,Gestión de exposición y cobertura del broker,ARTICLE,LEAF_ARTICLE,V05_MASS_REVIEW_CLOSED,1.0,1.0,1,N_cb2afefc5bf9,N_918854e698fd,A_a83726b2740c,Gestion_exposicion_cobertura_broker.md,OWN_ARTICLE,EXACT,physical_filename_or_h1,CANONICAL_PRE_RECONCILIATION,ARBRE_CANONIC.csv
Brokers e Intermediación > Modelos de ejecución e intermediación > Transaction Cost Analysis (TCA) e implementation shortfall,Brokers e Intermediación > Modelos de ejecución e intermediación,3,Brokers e Intermediación,Transaction Cost Analysis (TCA) e implementation shortfall,ARTICLE,LEAF_ARTICLE,V05_MASS_REVIEW_CLOSED,0.0,0.0,2,N_8dd1b513c80c,N_918854e698fd,A_b09aca1cd0d1,TCA_implementation_shortfall.md,OWN_ARTICLE,EXACT,physical_filename_or_h1,CANONICAL_PRE_RECONCILIATION,ARBRE_CANONIC.csv
Brokers e Intermediación > Selección y evaluación de brokers,Brokers e Intermediación,2,Brokers e Intermediación,Selección y evaluación de brokers,ARTICLE,MASTER_ARTICLE,V05_MASS_REVIEW_CLOSED,1.0,1.0,5,N_e126afab8d6c,N_23aa8b2e2a64,A_5c8122b4094b,Seleccion_evaluacion_brokers.md,OWN_ARTICLE,EXACT,physical_filename_or_h1,CANONICAL_PRE_RECONCILIATION,ARBRE_CANONIC.csv
Brokers e Intermediación > Selección y evaluación de brokers > Calidad de ejecución y slippage,Brokers e Intermediación > Selección y evaluación de brokers,3,Brokers e Intermediación,Calidad de ejecución y slippage,ARTICLE,LEAF_ARTICLE,V05_MASS_REVIEW_CLOSED,0.0,0.0,0,N_d7d542a84eb1,N_e126afab8d6c,A_d569b30509bc,Calidad_ejecucion_slippage.md,OWN_ARTICLE,EXACT,physical_filename_or_h1,CANONICAL_PRE_RECONCILIATION,ARBRE_CANONIC.csv
"Brokers e Intermediación > Selección y evaluación de brokers > Costes de trading: comisiones, spread, financiación y fees",Brokers e Intermediación > Selección y evaluación de brokers,3,Brokers e Intermediación,"Costes de trading: comisiones, spread, financiación y fees",ARTICLE,LEAF_ARTICLE,V05_MASS_REVIEW_CLOSED,0.0,0.0,1,N_02cac9c69815,N_e126afab8d6c,A_64c7c8410ad5,Costes_trading_broker.md,OWN_ARTICLE,EXACT,physical_filename_or_h1,CANONICAL_PRE_RECONCILIATION,ARBRE_CANONIC.csv
Brokers e Intermediación > Selección y evaluación de brokers > Segregación y custodia de fondos y activos,Brokers e Intermediación > Selección y evaluación de brokers,3,Brokers e Intermediación,Segregación y custodia de fondos y activos,ARTICLE,LEAF_ARTICLE,V05_MASS_REVIEW_CLOSED,0.0,0.0,2,N_69aaf6fd3b4e,N_e126afab8d6c,A_2c1c564ec516,Segregacion_custodia_fondos_activos.md,OWN_ARTICLE,EXACT,physical_filename_or_h1,CANONICAL_PRE_RECONCILIATION,ARBRE_CANONIC.csv
Brokers e Intermediación > Selección y evaluación de brokers > Riesgo de contraparte del broker,Brokers e Intermediación > Selección y evaluación de brokers,3,Brokers e Intermediación,Riesgo de contraparte del broker,ARTICLE,LEAF_ARTICLE,V05_MASS_REVIEW_CLOSED,0.0,0.0,3,N_47117a038134,N_e126afab8d6c,A_923f91fc62d9,Riesgo_contraparte_broker.md,OWN_ARTICLE,EXACT,physical_filename_or_h1,CANONICAL_PRE_RECONCILIATION,ARBRE_CANONIC.csv
"Capital, Fondeo y Social Trading",Biblioteca de Trading,1,"Capital, Fondeo y Social Trading","Capital, Fondeo y Social Trading",ARTICLE,MASTER_ARTICLE,V05_MASS_REVIEW_CLOSED,1.0,0.0,10,N_a85e1ec22634,N_653fa1164539,A_8f570c97c718,Capital_Fondeo_Social_Trading.md,OWN_ARTICLE,EXACT,physical_filename_or_h1,CANONICAL_PRE_RECONCILIATION,ARBRE_CANONIC.csv
"Capital, Fondeo y Social Trading > Capital propio","Capital, Fondeo y Social Trading",2,"Capital, Fondeo y Social Trading",Capital propio,ARTICLE,LEAF_ARTICLE,V05_MASS_REVIEW_CLOSED,1.0,1.0,0,N_641b87f04bc7,N_a85e1ec22634,A_4197115d25f7,Capital_propio.md,OWN_ARTICLE,EXACT,physical_filename_or_h1,CANONICAL_PRE_RECONCILIATION,ARBRE_CANONIC.csv
"Capital, Fondeo y Social Trading > Capital externo / de terceros","Capital, Fondeo y Social Trading",2,"Capital, Fondeo y Social Trading",Capital externo / de terceros,ARTICLE,LEAF_ARTICLE,V05_MASS_REVIEW_CLOSED,1.0,1.0,1,N_105396b980e3,N_a85e1ec22634,A_47b7bbf24ca3,Capital_externo_terceros.md,OWN_ARTICLE,EXACT,physical_filename_or_h1,CANONICAL_PRE_RECONCILIATION,ARBRE_CANONIC.csv
"Capital, Fondeo y Social Trading > Modelos mixtos de financiación","Capital, Fondeo y Social Trading",2,"Capital, Fondeo y Social Trading",Modelos mixtos de financiación,ARTICLE,LEAF_ARTICLE,V05_MASS_REVIEW_CLOSED,1.0,1.0,2,N_d733596621a9,N_a85e1ec22634,A_070eb91f0a35,Modelos_mixtos_financiacion.md,OWN_ARTICLE,EXACT,physical_filename_or_h1,CANONICAL_PRE_RECONCILIATION,ARBRE_CANONIC.csv
"Capital, Fondeo y Social Trading > Prop Firms","Capital, Fondeo y Social Trading",2,"Capital, Fondeo y Social Trading",Prop Firms,ARTICLE,LEAF_ARTICLE,V05_MASS_REVIEW_CLOSED,4.0,2.0,3,N_d7c2631cce17,N_a85e1ec22634,A_3561cd1e16ae,Prop_Firms.md,OWN_ARTICLE,EXACT,physical_filename_or_h1,CANONICAL_PRE_RECONCILIATION,ARBRE_CANONIC.csv
"Capital, Fondeo y Social Trading > Cuentas de Fondeo","Capital, Fondeo y Social Trading",2,"Capital, Fondeo y Social Trading",Cuentas de Fondeo,ARTICLE,MASTER_ARTICLE,V05_MASS_REVIEW_CLOSED,5.0,7.0,4,N_2d51f862cd9f,N_a85e1ec22634,A_c121ed2c53cb,Cuentas_de_Fondeo.md,OWN_ARTICLE,EXACT,physical_filename_or_h1,CANONICAL_PRE_RECONCILIATION,ARBRE_CANONIC.csv
"Capital, Fondeo y Social Trading > Cuentas de Fondeo > Proceso de acceso al fondeo","Capital, Fondeo y Social Trading > Cuentas de Fondeo",3,"Capital, Fondeo y Social Trading",Proceso de acceso al fondeo,ARTICLE,MASTER_ARTICLE,V05_MASS_REVIEW_CLOSED,0.0,0.0,0,N_0dbdd153a856,N_2d51f862cd9f,A_e3c9f3588bec,Proceso_acceso_fondeo.md,OWN_ARTICLE,EXACT,physical_filename_or_h1,CANONICAL_PRE_RECONCILIATION,ARBRE_CANONIC.csv
"Capital, Fondeo y Social Trading > Cuentas de Fondeo > Modelo de negocio","Capital, Fondeo y Social Trading > Cuentas de Fondeo",3,"Capital, Fondeo y Social Trading",Modelo de negocio,ARTICLE,LEAF_ARTICLE,V05_MASS_REVIEW_CLOSED,1.0,1.0,1,N_946c4f26eb1d,N_2d51f862cd9f,A_384b4590b3dd,Modelo_negocio_cuentas_fondeo.md,OWN_ARTICLE_ALIAS,HIGH_PHYSICAL_CONTENT,physical_article_content_and_owner,CANONICAL_PRE_RECONCILIATION,ARBRE_CANONIC.csv
"Capital, Fondeo y Social Trading > Social Trading","Capital, Fondeo y Social Trading",2,"Capital, Fondeo y Social Trading",Social Trading,ARTICLE,MASTER_ARTICLE,V05_MASS_REVIEW_CLOSED,5.0,5.0,5,N_21a4155de2f0,N_a85e1ec22634,A_aadd2b76e4a0,Social_Trading.md,OWN_ARTICLE,EXACT,physical_filename_or_h1,CANONICAL_PRE_RECONCILIATION,ARBRE_CANONIC.csv
"Capital, Fondeo y Social Trading > Social Trading > Modalidades","Capital, Fondeo y Social Trading > Social Trading",3,"Capital, Fondeo y Social Trading",Modalidades,ARTICLE,MASTER_ARTICLE,V05_MASS_REVIEW_CLOSED,1.0,1.0,0,N_b6e9d6349977,N_21a4155de2f0,A_aadd2b76e4a0,Social_Trading.md,SECTION_IN_ANCESTOR_ARTICLE,EXACT_HEADING,physical_heading,CANONICAL_PRE_RECONCILIATION,ARBRE_CANONIC.csv
"Capital, Fondeo y Social Trading > Social Trading > Modalidades > Copy Trading","Capital, Fondeo y Social Trading > Social Trading > Modalidades",4,"Capital, Fondeo y Social Trading",Copy Trading,ARTICLE,LEAF_ARTICLE,V05_MASS_REVIEW_CLOSED,1.0,1.0,0,N_545e3fcbafc0,N_b6e9d6349977,A_55f3e298ce57,Copy_Trading.md,OWN_ARTICLE,EXACT,physical_filename_or_h1,CANONICAL_PRE_RECONCILIATION,ARBRE_CANONIC.csv
"Capital, Fondeo y Social Trading > Social Trading > Modalidades > Cuentas MAMM y PAMM","Capital, Fondeo y Social Trading > Social Trading > Modalidades",4,"Capital, Fondeo y Social Trading",Cuentas MAMM y PAMM,ARTICLE,LEAF_ARTICLE,V05_MASS_REVIEW_CLOSED,1.0,1.0,1,N_4ca5c840f2e8,N_b6e9d6349977,A_cd59376cf16f,Cuentas_MAMM_PAMM.md,OWN_ARTICLE,EXACT,physical_filename_or_h1,CANONICAL_PRE_RECONCILIATION,ARBRE_CANONIC.csv
"Capital, Fondeo y Social Trading > Social Trading > Modalidades > Mirror Trading","Capital, Fondeo y Social Trading > Social Trading > Modalidades",4,"Capital, Fondeo y Social Trading",Mirror Trading,ARTICLE,LEAF_ARTICLE,V05_MASS_REVIEW_CLOSED,1.0,1.0,2,N_8412c3bcc59d,N_b6e9d6349977,A_0d2a637d9bcc,Mirror_Trading.md,OWN_ARTICLE,EXACT,physical_filename_or_h1,CANONICAL_PRE_RECONCILIATION,ARBRE_CANONIC.csv
"Capital, Fondeo y Social Trading > Social Trading > Modalidades > Señales de Trading","Capital, Fondeo y Social Trading > Social Trading > Modalidades",4,"Capital, Fondeo y Social Trading",Señales de Trading,ARTICLE,LEAF_ARTICLE,V05_MASS_REVIEW_CLOSED,1.0,1.0,3,N_8e87fa34ae71,N_b6e9d6349977,A_c1064c3e5e87,Senales_de_Trading.md,OWN_ARTICLE,EXACT,physical_filename_or_h1,CANONICAL_PRE_RECONCILIATION,ARBRE_CANONIC.csv
"Capital, Fondeo y Social Trading > Social Trading > Selección y evaluación de traders","Capital, Fondeo y Social Trading > Social Trading",3,"Capital, Fondeo y Social Trading",Selección y evaluación de traders,ARTICLE,LEAF_ARTICLE,V05_MASS_REVIEW_CLOSED,1.0,1.0,1,N_5d97c0dc0f4d,N_21a4155de2f0,A_54c3c14ce57a,Seleccion_evaluacion_traders_social.md,OWN_ARTICLE,EXACT,physical_filename_or_h1,CANONICAL_PRE_RECONCILIATION,ARBRE_CANONIC.csv
"Tecnología, Plataformas y Herramientas",Biblioteca de Trading,1,"Tecnología, Plataformas y Herramientas","Tecnología, Plataformas y Herramientas",ARTICLE,MASTER_ARTICLE,V05_MASS_REVIEW_CLOSED,18.0,16.0,11,N_764b1c84b1a2,N_653fa1164539,A_150b18672ffd,Tecnologia_Plataformas_Herramientas.md,OWN_ARTICLE,EXACT,physical_filename_or_h1,CANONICAL_PRE_RECONCILIATION,ARBRE_CANONIC.csv
"Tecnología, Plataformas y Herramientas > Datos e información de mercado > Datos alternativos","Tecnología, Plataformas y Herramientas > Datos e información de mercado",2,"Tecnología, Plataformas y Herramientas",Datos alternativos,ARTICLE,MASTER_ARTICLE,V05_MASS_REVIEW_CLOSED,0.0,0.0,0,N_b995bd142910,N_c140ef511b19,A_932d8e9351fd,Datos_alternativos.md,OWN_ARTICLE,EXACT,physical_filename_or_h1,CANONICAL_PRE_RECONCILIATION,ARBRE_CANONIC.csv
"Tecnología, Plataformas y Herramientas > Datos e información de mercado > Calidad, limpieza y sincronización de datos","Tecnología, Plataformas y Herramientas > Datos e información de mercado",2,"Tecnología, Plataformas y Herramientas","Calidad, limpieza y sincronización de datos",ARTICLE,LEAF_ARTICLE,V05_MASS_REVIEW_CLOSED,0.0,0.0,1,N_01e4a0b7ce8f,N_c140ef511b19,A_949acd9fe2dc,Calidad_limpieza_sincronizacion_datos.md,OWN_ARTICLE,EXACT,physical_filename_or_h1,CANONICAL_PRE_RECONCILIATION,ARBRE_CANONIC.csv
"Tecnología, Plataformas y Herramientas > Datos e información de mercado > Cotizaciones en tiempo real","Tecnología, Plataformas y Herramientas > Datos e información de mercado",2,"Tecnología, Plataformas y Herramientas",Cotizaciones en tiempo real,ARTICLE,LEAF_ARTICLE,V05_MASS_REVIEW_CLOSED,1.0,0.0,2,N_d1a2449c2b8f,N_c140ef511b19,A_df0b821e20c3,Cotizaciones_tiempo_real.md,OWN_ARTICLE,EXACT,physical_filename_or_h1,CANONICAL_PRE_RECONCILIATION,ARBRE_CANONIC.csv
"Tecnología, Plataformas y Herramientas > Herramientas de análisis","Tecnología, Plataformas y Herramientas",2,"Tecnología, Plataformas y Herramientas",Herramientas de análisis,ARTICLE,LEAF_ARTICLE,V05_MASS_REVIEW_CLOSED,0.0,0.0,1,N_5c1b963b75f2,N_764b1c84b1a2,A_1443b2941de8,Herramientas_analisis.md,OWN_ARTICLE,EXACT,physical_filename_or_h1,CANONICAL_PRE_RECONCILIATION,ARBRE_CANONIC.csv
"Tecnología, Plataformas y Herramientas > Herramientas de análisis > Análisis fundamental y noticias","Tecnología, Plataformas y Herramientas > Herramientas de análisis",3,"Tecnología, Plataformas y Herramientas",Análisis fundamental y noticias,ARTICLE,MASTER_ARTICLE,V05_MASS_REVIEW_CLOSED,1.0,1.0,0,N_e346ea5a6a97,N_5c1b963b75f2,A_c5ac570490d9,Herramientas_fundamental_noticias.md,OWN_ARTICLE,EXACT,physical_filename_or_h1,CANONICAL_PRE_RECONCILIATION,ARBRE_CANONIC.csv
"Tecnología, Plataformas y Herramientas > Herramientas de análisis > Order Flow y Tape Reading","Tecnología, Plataformas y Herramientas > Herramientas de análisis",3,"Tecnología, Plataformas y Herramientas",Order Flow y Tape Reading,ARTICLE,LEAF_ARTICLE,V05_MASS_REVIEW_CLOSED,1.0,0.0,1,N_0d6c12e8deaf,N_5c1b963b75f2,A_f1b147239078,Herramientas_Order_Flow_Tape_Reading.md,OWN_ARTICLE,EXACT,physical_filename_or_h1,CANONICAL_PRE_RECONCILIATION,ARBRE_CANONIC.csv
"Tecnología, Plataformas y Herramientas > Herramientas de análisis > Screeners","Tecnología, Plataformas y Herramientas > Herramientas de análisis",3,"Tecnología, Plataformas y Herramientas",Screeners,ARTICLE,LEAF_ARTICLE,V05_MASS_REVIEW_CLOSED,1.0,1.0,2,N_bf254205a496,N_5c1b963b75f2,A_be70e60e206f,Screeners.md,OWN_ARTICLE,EXACT,physical_filename_or_h1,CANONICAL_PRE_RECONCILIATION,ARBRE_CANONIC.csv
"Tecnología, Plataformas y Herramientas > Herramientas de Social y Copy Trading","Tecnología, Plataformas y Herramientas",2,"Tecnología, Plataformas y Herramientas",Herramientas de Social y Copy Trading,ARTICLE,LEAF_ARTICLE,V05_MASS_REVIEW_CLOSED,0.0,0.0,2,N_8dd71a8578ac,N_764b1c84b1a2,A_f363152cda07,Herramientas_Social_Copy_Trading.md,OWN_ARTICLE,EXACT,physical_filename_or_h1,CANONICAL_PRE_RECONCILIATION,ARBRE_CANONIC.csv
"Tecnología, Plataformas y Herramientas > Herramientas de Social y Copy Trading > Trading Social & Copy Trading","Tecnología, Plataformas y Herramientas > Herramientas de Social y Copy Trading",3,"Tecnología, Plataformas y Herramientas",Trading Social & Copy Trading,ARTICLE,MASTER_ARTICLE,V05_MASS_EDITORIAL_COLLAPSE,1.0,1.0,0,N_c0adb7601aa7,N_8dd71a8578ac,A_f363152cda07,Herramientas_Social_Copy_Trading.md,SECTION_IN_ANCESTOR_ARTICLE,EXACT_HEADING,physical_heading,CANONICAL_PRE_RECONCILIATION,ARBRE_CANONIC.csv
"Tecnología, Plataformas y Herramientas > Plataformas y herramientas de trading","Tecnología, Plataformas y Herramientas",2,"Tecnología, Plataformas y Herramientas",Plataformas y herramientas de trading,ARTICLE,LEAF_ARTICLE,V05_MASS_EDITORIAL_COLLAPSE,1.0,5.0,4,N_57034e087b06,N_764b1c84b1a2,A_a530535992b8,Plataformas_trading_ejecucion.md,OWN_ARTICLE_ALIAS,HIGH_PHYSICAL_CONTENT,physical_article_content_and_owner,CANONICAL_PRE_RECONCILIATION,ARBRE_CANONIC.csv
"Tecnología, Plataformas y Herramientas > Trading algorítmico y desarrollo","Tecnología, Plataformas y Herramientas",2,"Tecnología, Plataformas y Herramientas",Trading algorítmico y desarrollo,ARTICLE,MASTER_ARTICLE,V05_MASS_REVIEW_CLOSED,1.0,1.0,5,N_4fb8ac39a9a9,N_764b1c84b1a2,A_6d8d08cc51c7,Trading_algoritmico_desarrollo_tecnologia.md,OWN_ARTICLE,EXACT,physical_filename_or_h1,CANONICAL_PRE_RECONCILIATION,ARBRE_CANONIC.csv
"Tecnología, Plataformas y Herramientas > Trading algorítmico y desarrollo > APIs de trading y datos","Tecnología, Plataformas y Herramientas > Trading algorítmico y desarrollo",3,"Tecnología, Plataformas y Herramientas",APIs de trading y datos,ARTICLE,LEAF_ARTICLE,V05_MASS_REVIEW_CLOSED,0.0,0.0,0,N_6455c74f5fd9,N_4fb8ac39a9a9,A_fdc0076def61,APIs_trading_datos.md,OWN_ARTICLE,EXACT,physical_filename_or_h1,CANONICAL_PRE_RECONCILIATION,ARBRE_CANONIC.csv
"Tecnología, Plataformas y Herramientas > Trading algorítmico y desarrollo > FIX Protocol","Tecnología, Plataformas y Herramientas > Trading algorítmico y desarrollo",3,"Tecnología, Plataformas y Herramientas",FIX Protocol,ARTICLE,LEAF_ARTICLE,V05_MASS_REVIEW_CLOSED,0.0,0.0,1,N_5c7aa5698707,N_4fb8ac39a9a9,A_17444c7675f5,FIX_Protocol.md,OWN_ARTICLE,EXACT,physical_filename_or_h1,CANONICAL_PRE_RECONCILIATION,ARBRE_CANONIC.csv
"Tecnología, Plataformas y Herramientas > Trading algorítmico y desarrollo > VPS, cloud y latencia","Tecnología, Plataformas y Herramientas > Trading algorítmico y desarrollo",3,"Tecnología, Plataformas y Herramientas","VPS, cloud y latencia",ARTICLE,LEAF_ARTICLE,V05_MASS_REVIEW_CLOSED,0.0,0.0,2,N_957909e9c33a,N_4fb8ac39a9a9,A_edb6ed349485,VPS_cloud_latencia.md,OWN_ARTICLE,EXACT,physical_filename_or_h1,CANONICAL_PRE_RECONCILIATION,ARBRE_CANONIC.csv
"Tecnología, Plataformas y Herramientas > Seguridad operativa y credenciales","Tecnología, Plataformas y Herramientas",2,"Tecnología, Plataformas y Herramientas",Seguridad operativa y credenciales,ARTICLE,LEAF_ARTICLE,V05_MASS_REVIEW_CLOSED,0.0,0.0,6,N_40977c0cf2d4,N_764b1c84b1a2,A_f3c871d23e1b,Seguridad_operativa_credenciales.md,OWN_ARTICLE,EXACT,physical_filename_or_h1,CANONICAL_PRE_RECONCILIATION,ARBRE_CANONIC.csv
Inteligencia Artificial aplicada al Trading,Biblioteca de Trading,1,Inteligencia Artificial aplicada al Trading,Inteligencia Artificial aplicada al Trading,ARTICLE,MASTER_ARTICLE,V05_MASS_REVIEW_CLOSED,4.0,5.0,12,N_069fd8fadbcc,N_653fa1164539,A_c99438d7fd9d,Inteligencia_Artificial_aplicada_Trading.md,OWN_ARTICLE,EXACT,physical_filename_or_h1,CANONICAL_PRE_RECONCILIATION,ARBRE_CANONIC.csv
Inteligencia Artificial aplicada al Trading > Tipos de inteligencia artificial aplicados al trading,Inteligencia Artificial aplicada al Trading,2,Inteligencia Artificial aplicada al Trading,Tipos de inteligencia artificial aplicados al trading,ARTICLE,MASTER_ARTICLE,V05_MASS_REVIEW_CLOSED,1.0,1.0,0,N_2b3e74505464,N_069fd8fadbcc,A_8c637f5ab831,Tipos_IA_trading.md,OWN_ARTICLE,EXACT,physical_filename_or_h1,CANONICAL_PRE_RECONCILIATION,ARBRE_CANONIC.csv
Inteligencia Artificial aplicada al Trading > Tipos de inteligencia artificial aplicados al trading > Deep Learning,Inteligencia Artificial aplicada al Trading > Tipos de inteligencia artificial aplicados al trading,3,Inteligencia Artificial aplicada al Trading,Deep Learning,ARTICLE,LEAF_ARTICLE,V05_MASS_REVIEW_CLOSED,0.0,0.0,0,N_8d36cfd65457,N_2b3e74505464,A_738868a3cedc,Deep_Learning_trading.md,OWN_ARTICLE,EXACT,physical_filename_or_h1,CANONICAL_PRE_RECONCILIATION,ARBRE_CANONIC.csv
Inteligencia Artificial aplicada al Trading > Tipos de inteligencia artificial aplicados al trading > LLM y agentes aplicados al trading,Inteligencia Artificial aplicada al Trading > Tipos de inteligencia artificial aplicados al trading,3,Inteligencia Artificial aplicada al Trading,LLM y agentes aplicados al trading,ARTICLE,LEAF_ARTICLE,V05_MASS_REVIEW_CLOSED,0.0,0.0,1,N_ac1855b1e68a,N_2b3e74505464,A_713757162c58,LLM_agentes_trading.md,OWN_ARTICLE,EXACT,physical_filename_or_h1,CANONICAL_PRE_RECONCILIATION,ARBRE_CANONIC.csv
Inteligencia Artificial aplicada al Trading > Tipos de inteligencia artificial aplicados al trading > Machine Learning supervisado y no supervisado,Inteligencia Artificial aplicada al Trading > Tipos de inteligencia artificial aplicados al trading,3,Inteligencia Artificial aplicada al Trading,Machine Learning supervisado y no supervisado,ARTICLE,LEAF_ARTICLE,V05_MASS_REVIEW_CLOSED,0.0,0.0,2,N_0de231d5ab36,N_2b3e74505464,A_d200bca8a6c1,Machine_Learning_supervisado_no_supervisado.md,OWN_ARTICLE,EXACT,physical_filename_or_h1,CANONICAL_PRE_RECONCILIATION,ARBRE_CANONIC.csv
Inteligencia Artificial aplicada al Trading > Tipos de inteligencia artificial aplicados al trading > NLP y análisis de noticias y texto,Inteligencia Artificial aplicada al Trading > Tipos de inteligencia artificial aplicados al trading,3,Inteligencia Artificial aplicada al Trading,NLP y análisis de noticias y texto,ARTICLE,LEAF_ARTICLE,V05_MASS_REVIEW_CLOSED,0.0,0.0,3,N_8c317e77f8fb,N_2b3e74505464,A_ea2157c6328d,NLP_noticias_texto_trading.md,OWN_ARTICLE,EXACT,physical_filename_or_h1,CANONICAL_PRE_RECONCILIATION,ARBRE_CANONIC.csv
Inteligencia Artificial aplicada al Trading > Tipos de inteligencia artificial aplicados al trading > Reinforcement Learning,Inteligencia Artificial aplicada al Trading > Tipos de inteligencia artificial aplicados al trading,3,Inteligencia Artificial aplicada al Trading,Reinforcement Learning,ARTICLE,LEAF_ARTICLE,V05_MASS_REVIEW_CLOSED,0.0,0.0,4,N_acff65633d98,N_2b3e74505464,A_fe0bc6c50adc,Reinforcement_Learning_trading.md,OWN_ARTICLE,EXACT,physical_filename_or_h1,CANONICAL_PRE_RECONCILIATION,ARBRE_CANONIC.csv
Inteligencia Artificial aplicada al Trading > Ética de la IA aplicada al trading,Inteligencia Artificial aplicada al Trading,2,Inteligencia Artificial aplicada al Trading,Ética de la IA aplicada al trading,ARTICLE,LEAF_ARTICLE,V05_MASS_REVIEW_CLOSED,1.0,1.0,1,N_a9baffaa0079,N_069fd8fadbcc,A_6508afb9e1df,Etica_IA_trading.md,OWN_ARTICLE,EXACT,physical_filename_or_h1,CANONICAL_PRE_RECONCILIATION,ARBRE_CANONIC.csv
Inteligencia Artificial aplicada al Trading > Evolución y futuro de la IA en el trading,Inteligencia Artificial aplicada al Trading,2,Inteligencia Artificial aplicada al Trading,Evolución y futuro de la IA en el trading,ARTICLE,LEAF_ARTICLE,V05_MASS_REVIEW_CLOSED,1.0,1.0,2,N_96ba60ac4bf8,N_069fd8fadbcc,A_b83008170b38,Futuro_IA_trading.md,OWN_ARTICLE,EXACT,physical_filename_or_h1,CANONICAL_PRE_RECONCILIATION,ARBRE_CANONIC.csv
Inteligencia Artificial aplicada al Trading > IA para el trader retail,Inteligencia Artificial aplicada al Trading,2,Inteligencia Artificial aplicada al Trading,IA para el trader retail,ARTICLE,LEAF_ARTICLE,V05_MASS_REVIEW_CLOSED,2.0,0.0,3,N_1996a084be99,N_069fd8fadbcc,A_89f57679342d,IA_trader_retail.md,OWN_ARTICLE,EXACT,physical_filename_or_h1,CANONICAL_PRE_RECONCILIATION,ARBRE_CANONIC.csv
Inteligencia Artificial aplicada al Trading > Implementación práctica de la IA,Inteligencia Artificial aplicada al Trading,2,Inteligencia Artificial aplicada al Trading,Implementación práctica de la IA,ARTICLE,MASTER_ARTICLE,V05_MASS_REVIEW_CLOSED,1.0,1.0,4,N_ed30a09b001c,N_069fd8fadbcc,A_07e37800c1d2,Implementacion_practica_IA.md,OWN_ARTICLE,EXACT,physical_filename_or_h1,CANONICAL_PRE_RECONCILIATION,ARBRE_CANONIC.csv
Inteligencia Artificial aplicada al Trading > Implementación práctica de la IA > Feature engineering y selección de variables,Inteligencia Artificial aplicada al Trading > Implementación práctica de la IA,3,Inteligencia Artificial aplicada al Trading,Feature engineering y selección de variables,ARTICLE,LEAF_ARTICLE,V05_MASS_REVIEW_CLOSED,0.0,0.0,0,N_5fd13467342b,N_ed30a09b001c,A_78854bcc2721,Feature_engineering_seleccion_variables.md,OWN_ARTICLE,EXACT,physical_filename_or_h1,CANONICAL_PRE_RECONCILIATION,ARBRE_CANONIC.csv
"Inteligencia Artificial aplicada al Trading > Implementación práctica de la IA > MLOps, despliegue y monitorización de modelos",Inteligencia Artificial aplicada al Trading > Implementación práctica de la IA,3,Inteligencia Artificial aplicada al Trading,"MLOps, despliegue y monitorización de modelos",ARTICLE,LEAF_ARTICLE,V05_MASS_REVIEW_CLOSED,0.0,0.0,1,N_3acb3eb01fbf,N_ed30a09b001c,A_2f3a7763bc80,MLOps_despliegue_monitorizacion_modelos.md,OWN_ARTICLE,EXACT,physical_filename_or_h1,CANONICAL_PRE_RECONCILIATION,ARBRE_CANONIC.csv
Inteligencia Artificial aplicada al Trading > Aplicaciones de la IA en el trading,Inteligencia Artificial aplicada al Trading,2,Inteligencia Artificial aplicada al Trading,Aplicaciones de la IA en el trading,ARTICLE,LEAF_ARTICLE,V05_MASS_REVIEW_CLOSED,1.0,0.0,5,N_a84dc926b08d,N_069fd8fadbcc,A_0d36e392874f,Aplicaciones_IA_trading.md,OWN_ARTICLE,EXACT,physical_filename_or_h1,CANONICAL_PRE_RECONCILIATION,ARBRE_CANONIC.csv
"Inteligencia Artificial aplicada al Trading > Riesgos, limitaciones y desafíos > Validación y data leakage en modelos de IA","Inteligencia Artificial aplicada al Trading > Riesgos, limitaciones y desafíos",2,Inteligencia Artificial aplicada al Trading,Validación y data leakage en modelos de IA,ARTICLE,MASTER_ARTICLE,V05_MASS_REVIEW_CLOSED,0.0,0.0,0,N_2f6702989cd2,N_4f620ccc5a07,A_881577156db2,Validacion_data_leakage_IA.md,OWN_ARTICLE,EXACT,physical_filename_or_h1,CANONICAL_PRE_RECONCILIATION,ARBRE_CANONIC.csv
Inteligencia Artificial aplicada al Trading > Casos de uso y aplicaciones reales,Inteligencia Artificial aplicada al Trading,2,Inteligencia Artificial aplicada al Trading,Casos de uso y aplicaciones reales,ARTICLE,LEAF_ARTICLE,V05_MASS_EDITORIAL_COLLAPSE,1.0,1.0,7,N_65ed97ccccaf,N_069fd8fadbcc,A_0d36e392874f,Aplicaciones_IA_trading.md,HEADING_IN_OTHER_ARTICLE,EXACT_HEADING,physical_heading,CANONICAL_PRE_RECONCILIATION,ARBRE_CANONIC.csv
Industria del Trading,Biblioteca de Trading,1,Industria del Trading,Industria del Trading,ARTICLE,MASTER_ARTICLE,V05_MASS_REVIEW_CLOSED,2.0,3.0,13,N_10b68977cb5e,N_653fa1164539,A_ac06e4543e88,Industria_del_Trading.md,OWN_ARTICLE,EXACT,physical_filename_or_h1,CANONICAL_PRE_RECONCILIATION,ARBRE_CANONIC.csv
Industria del Trading > Economía de la industria,Industria del Trading,2,Industria del Trading,Economía de la industria,ARTICLE,MASTER_ARTICLE,V05_MASS_REVIEW_CLOSED,0.0,0.0,0,N_cbae467d54ac,N_10b68977cb5e,A_d5ac0e9a0784,Economia_industria_trading.md,OWN_ARTICLE,EXACT,physical_filename_or_h1,CANONICAL_PRE_RECONCILIATION,ARBRE_CANONIC.csv
Industria del Trading > Economía de la industria > Aportación económica y social,Industria del Trading > Economía de la industria,3,Industria del Trading,Aportación económica y social,ARTICLE,LEAF_ARTICLE,V05_MASS_REVIEW_CLOSED,1.0,1.0,0,N_1fcf53c29989,N_cbae467d54ac,A_fefbc095c332,Aportacion_economica_social_trading.md,OWN_ARTICLE,EXACT,physical_filename_or_h1,CANONICAL_PRE_RECONCILIATION,ARBRE_CANONIC.csv
Industria del Trading > Ética y responsabilidad social,Industria del Trading,2,Industria del Trading,Ética y responsabilidad social,ARTICLE,LEAF_ARTICLE,V05_MASS_REVIEW_CLOSED,1.0,1.0,1,N_c7ee479182df,N_10b68977cb5e,A_a3b190faa8b1,Etica_responsabilidad_social_industria.md,OWN_ARTICLE,EXACT,physical_filename_or_h1,CANONICAL_PRE_RECONCILIATION,ARBRE_CANONIC.csv
Industria del Trading > Evolución y futuro,Industria del Trading,2,Industria del Trading,Evolución y futuro,ARTICLE,LEAF_ARTICLE,V05_MASS_REVIEW_CLOSED,1.0,1.0,2,N_b921e0c227e5,N_10b68977cb5e,A_dda84bcfdab8,Evolucion_futuro_industria_trading.md,OWN_ARTICLE,EXACT,physical_filename_or_h1,CANONICAL_PRE_RECONCILIATION,ARBRE_CANONIC.csv
"Industria del Trading > Gurús, influencers y creadores de contenido",Industria del Trading,2,Industria del Trading,"Gurús, influencers y creadores de contenido",ARTICLE,MASTER_ARTICLE,V05_MASS_REVIEW_CLOSED,5.0,5.0,3,N_e6b9b859bc83,N_10b68977cb5e,A_a1c7488ac273,Gurus_influencers_creadores_trading.md,OWN_ARTICLE,EXACT,physical_filename_or_h1,CANONICAL_PRE_RECONCILIATION,ARBRE_CANONIC.csv
"Industria del Trading > Gurús, influencers y creadores de contenido > Redes sociales, promoción y falsos gurús","Industria del Trading > Gurús, influencers y creadores de contenido",3,Industria del Trading,"Redes sociales, promoción y falsos gurús",ARTICLE,LEAF_ARTICLE,V05_MASS_REVIEW_CLOSED,1.0,1.0,1,N_540b38f3aba0,N_e6b9b859bc83,A_b27c2b7a4600,Redes_promocion_falsos_gurus.md,OWN_ARTICLE,EXACT,physical_filename_or_h1,CANONICAL_PRE_RECONCILIATION,ARBRE_CANONIC.csv
"Industria del Trading > Gurús, influencers y creadores de contenido > Tipos de influencers y creadores","Industria del Trading > Gurús, influencers y creadores de contenido",3,Industria del Trading,Tipos de influencers y creadores,ARTICLE,LEAF_ARTICLE,RESTORED_V16_AUDIT_V04,1.0,1.0,2,N_773fa4e41124,N_e6b9b859bc83,A_a1c7488ac273,Gurus_influencers_creadores_trading.md,SECTION_IN_ANCESTOR_ARTICLE,EXACT_HEADING,physical_heading,CANONICAL_PRE_RECONCILIATION,ARBRE_CANONIC.csv
"Industria del Trading > Medios, analistas y comunicación financiera",Industria del Trading,2,Industria del Trading,"Medios, analistas y comunicación financiera",ARTICLE,LEAF_ARTICLE,V05_MASS_REVIEW_CLOSED,1.0,2.0,4,N_1270a5e36ef1,N_10b68977cb5e,A_8e5fdc4f0ed8,Medios_analistas_comunicacion_financiera.md,OWN_ARTICLE,EXACT,physical_filename_or_h1,CANONICAL_PRE_RECONCILIATION,ARBRE_CANONIC.csv
"Industria del Trading > Riesgos, retos y controversias",Industria del Trading,2,Industria del Trading,"Riesgos, retos y controversias",ARTICLE,LEAF_ARTICLE,V05_MASS_REVIEW_CLOSED,1.0,2.0,5,N_d7921f12976a,N_10b68977cb5e,A_c9bade24315c,Riesgos_retos_controversias_industria.md,OWN_ARTICLE,EXACT,physical_filename_or_h1,CANONICAL_PRE_RECONCILIATION,ARBRE_CANONIC.csv
Regulación y Supervisión,Biblioteca de Trading,1,Regulación y Supervisión,Regulación y Supervisión,ARTICLE,MASTER_ARTICLE,V05_MASS_REVIEW_CLOSED,22.0,23.0,14,N_0ae17501579f,N_653fa1164539,A_8b2b6e23c164,Regulacion_y_Supervision.md,OWN_ARTICLE,EXACT,physical_filename_or_h1,CANONICAL_PRE_RECONCILIATION,ARBRE_CANONIC.csv
Regulación y Supervisión > Marcos normativos,Regulación y Supervisión,2,Regulación y Supervisión,Marcos normativos,ARTICLE,MASTER_ARTICLE,V05_MASS_REVIEW_CLOSED,0.0,0.0,1,N_029a0dd927a9,N_0ae17501579f,A_0eb213d3afcd,Marcos_normativos.md,OWN_ARTICLE,EXACT,physical_filename_or_h1,CANONICAL_PRE_RECONCILIATION,ARBRE_CANONIC.csv
Regulación y Supervisión > Marcos normativos > MiFID II / MiFIR,Regulación y Supervisión > Marcos normativos,3,Regulación y Supervisión,MiFID II / MiFIR,ARTICLE,LEAF_ARTICLE,V05_MASS_REVIEW_CLOSED,0.0,0.0,0,N_46be6bc5a8db,N_029a0dd927a9,A_f5b5e2a05497,MiFID_II_MiFIR.md,OWN_ARTICLE,EXACT,physical_filename_or_h1,CANONICAL_PRE_RECONCILIATION,ARBRE_CANONIC.csv
Regulación y Supervisión > Reguladores y organismos de supervisión,Regulación y Supervisión,2,Regulación y Supervisión,Reguladores y organismos de supervisión,ARTICLE,MASTER_ARTICLE,V05_MASS_REVIEW_CLOSED,5.0,6.0,2,N_17c48dee3f39,N_0ae17501579f,A_3f14d0f0aa95,Reguladores_organismos_supervision.md,OWN_ARTICLE,EXACT,physical_filename_or_h1,CANONICAL_PRE_RECONCILIATION,ARBRE_CANONIC.csv
Regulación y Supervisión > Reguladores y organismos de supervisión > CFTC,Regulación y Supervisión > Reguladores y organismos de supervisión,3,Regulación y Supervisión,CFTC,ARTICLE,LEAF_ARTICLE,V05_MASS_REVIEW_CLOSED,1.0,1.0,0,N_7b140c424e3a,N_17c48dee3f39,A_d962e8363f94,CFTC.md,OWN_ARTICLE,EXACT,physical_filename_or_h1,CANONICAL_PRE_RECONCILIATION,ARBRE_CANONIC.csv
Regulación y Supervisión > Reguladores y organismos de supervisión > CNMV,Regulación y Supervisión > Reguladores y organismos de supervisión,3,Regulación y Supervisión,CNMV,ARTICLE,LEAF_ARTICLE,V05_MASS_REVIEW_CLOSED,0.0,0.0,1,N_e29cb5ec0d54,N_17c48dee3f39,A_09fbe525ac27,CNMV.md,OWN_ARTICLE,EXACT,physical_filename_or_h1,CANONICAL_PRE_RECONCILIATION,ARBRE_CANONIC.csv
Regulación y Supervisión > Reguladores y organismos de supervisión > CySEC,Regulación y Supervisión > Reguladores y organismos de supervisión,3,Regulación y Supervisión,CySEC,ARTICLE,LEAF_ARTICLE,V05_MASS_REVIEW_CLOSED,1.0,0.0,2,N_2d3d0772d3e7,N_17c48dee3f39,A_bab1710b7978,CySEC.md,OWN_ARTICLE,EXACT,physical_filename_or_h1,CANONICAL_PRE_RECONCILIATION,ARBRE_CANONIC.csv
Regulación y Supervisión > Reguladores y organismos de supervisión > ESMA,Regulación y Supervisión > Reguladores y organismos de supervisión,3,Regulación y Supervisión,ESMA,ARTICLE,LEAF_ARTICLE,V05_MASS_REVIEW_CLOSED,1.0,1.0,3,N_dffe98d2046c,N_17c48dee3f39,A_3e6c447777cf,ESMA.md,OWN_ARTICLE,EXACT,physical_filename_or_h1,CANONICAL_PRE_RECONCILIATION,ARBRE_CANONIC.csv
Regulación y Supervisión > Reguladores y organismos de supervisión > FCA,Regulación y Supervisión > Reguladores y organismos de supervisión,3,Regulación y Supervisión,FCA,ARTICLE,LEAF_ARTICLE,V05_MASS_REVIEW_CLOSED,1.0,1.0,4,N_f57b0349223a,N_17c48dee3f39,A_f2e8367b1faf,FCA.md,OWN_ARTICLE,EXACT,physical_filename_or_h1,CANONICAL_PRE_RECONCILIATION,ARBRE_CANONIC.csv
Regulación y Supervisión > Reguladores y organismos de supervisión > FINRA,Regulación y Supervisión > Reguladores y organismos de supervisión,3,Regulación y Supervisión,FINRA,ARTICLE,LEAF_ARTICLE,V05_MASS_REVIEW_CLOSED,1.0,1.0,5,N_e7b09699e07a,N_17c48dee3f39,A_bbd94f60aa93,FINRA.md,OWN_ARTICLE,EXACT,physical_filename_or_h1,CANONICAL_PRE_RECONCILIATION,ARBRE_CANONIC.csv
Regulación y Supervisión > Reguladores y organismos de supervisión > NFA,Regulación y Supervisión > Reguladores y organismos de supervisión,3,Regulación y Supervisión,NFA,ARTICLE,LEAF_ARTICLE,V05_MASS_REVIEW_CLOSED,1.0,1.0,6,N_4e7a6ccf4473,N_17c48dee3f39,A_5b035426ed86,NFA.md,OWN_ARTICLE,EXACT,physical_filename_or_h1,CANONICAL_PRE_RECONCILIATION,ARBRE_CANONIC.csv
Regulación y Supervisión > Reguladores y organismos de supervisión > SEC,Regulación y Supervisión > Reguladores y organismos de supervisión,3,Regulación y Supervisión,SEC,ARTICLE,LEAF_ARTICLE,V05_MASS_REVIEW_CLOSED,1.0,1.0,7,N_09c3706d5477,N_17c48dee3f39,A_ef007f218ba1,SEC.md,OWN_ARTICLE,EXACT,physical_filename_or_h1,CANONICAL_PRE_RECONCILIATION,ARBRE_CANONIC.csv
Regulación y Supervisión > Regulación por actividad y participante > Brokers e intermediarios,Regulación y Supervisión > Regulación por actividad y participante,2,Regulación y Supervisión,Brokers e intermediarios,ARTICLE,MASTER_ARTICLE,V05_MASS_REVIEW_CLOSED,2.0,0.0,0,N_9c048ab3ffe4,N_21fab4a2c97f,A_862f6f7ddf82,Regulacion_brokers_intermediarios.md,OWN_ARTICLE,EXACT,physical_filename_or_h1,CANONICAL_PRE_RECONCILIATION,ARBRE_CANONIC.csv
Regulación y Supervisión > Regulación por actividad y participante > Prop Firms y cuentas de fondeo,Regulación y Supervisión > Regulación por actividad y participante,2,Regulación y Supervisión,Prop Firms y cuentas de fondeo,ARTICLE,LEAF_ARTICLE,V05_MASS_REVIEW_CLOSED,1.0,0.0,1,N_90335a99e81c,N_21fab4a2c97f,A_68446b7d92fa,Regulacion_prop_firms_fondeo.md,OWN_ARTICLE,EXACT,physical_filename_or_h1,CANONICAL_PRE_RECONCILIATION,ARBRE_CANONIC.csv
Regulación y Supervisión > Regulación por actividad y participante > Entidades y actividades reguladas,Regulación y Supervisión > Regulación por actividad y participante,2,Regulación y Supervisión,Entidades y actividades reguladas,ARTICLE,LEAF_ARTICLE,RESTORED_V16_AUDIT_V05,1.0,0.0,2,N_75d5fa3682cb,N_21fab4a2c97f,A_e22c27d3739a,Regulacion_actividad_participante.md,HEADING_IN_OTHER_ARTICLE,EXACT_HEADING,physical_heading,CANONICAL_PRE_RECONCILIATION,ARBRE_CANONIC.csv
Regulación y Supervisión > Obligaciones de intermediarios,Regulación y Supervisión,2,Regulación y Supervisión,Obligaciones de intermediarios,ARTICLE,MASTER_ARTICLE,V05_MASS_REVIEW_CLOSED,0.0,0.0,4,N_1f12c4a909b5,N_0ae17501579f,A_2796b3b5532e,Obligaciones_intermediarios.md,OWN_ARTICLE,EXACT,physical_filename_or_h1,CANONICAL_PRE_RECONCILIATION,ARBRE_CANONIC.csv
Regulación y Supervisión > Obligaciones de intermediarios > KYC y AML,Regulación y Supervisión > Obligaciones de intermediarios,3,Regulación y Supervisión,KYC y AML,ARTICLE,LEAF_ARTICLE,V05_MASS_REVIEW_CLOSED,0.0,0.0,0,N_68e3c31819a4,N_1f12c4a909b5,A_74f1f610cb21,KYC_AML.md,OWN_ARTICLE,EXACT,physical_filename_or_h1,CANONICAL_PRE_RECONCILIATION,ARBRE_CANONIC.csv
Regulación y Supervisión > Protección del trader e inversor minorista,Regulación y Supervisión,2,Regulación y Supervisión,Protección del trader e inversor minorista,ARTICLE,LEAF_ARTICLE,V05_MASS_REVIEW_CLOSED,1.0,2.0,5,N_cab68fb83b31,N_0ae17501579f,A_ce7749734dae,Proteccion_trader_inversor_minorista.md,OWN_ARTICLE,EXACT,physical_filename_or_h1,CANONICAL_PRE_RECONCILIATION,ARBRE_CANONIC.csv
Regulación y Supervisión > Protección del trader e inversor minorista > Protección de saldo negativo,Regulación y Supervisión > Protección del trader e inversor minorista,3,Regulación y Supervisión,Protección de saldo negativo,ARTICLE,LEAF_ARTICLE,V05_MASS_REVIEW_CLOSED,0.0,0.0,0,N_a556e55932cc,N_cab68fb83b31,A_2b513cb32d17,Proteccion_saldo_negativo.md,OWN_ARTICLE,EXACT,physical_filename_or_h1,CANONICAL_PRE_RECONCILIATION,ARBRE_CANONIC.csv
Regulación y Supervisión > Protección del trader e inversor minorista > Suitability y appropriateness,Regulación y Supervisión > Protección del trader e inversor minorista,3,Regulación y Supervisión,Suitability y appropriateness,ARTICLE,MASTER_ARTICLE,V05_MASS_REVIEW_CLOSED,0.0,0.0,1,N_2a886c153af6,N_cab68fb83b31,A_e21f701ae5f2,Suitability_appropriateness.md,OWN_ARTICLE,EXACT,physical_filename_or_h1,CANONICAL_PRE_RECONCILIATION,ARBRE_CANONIC.csv
Regulación y Supervisión > Integridad de los mercados > Insider Trading,Regulación y Supervisión > Integridad de los mercados,2,Regulación y Supervisión,Insider Trading,ARTICLE,LEAF_ARTICLE,V05_MASS_REVIEW_CLOSED,1.0,1.0,0,N_467fa8743ed4,N_d8d1c6d8259e,A_777d4bf363fc,Insider_Trading.md,OWN_ARTICLE,EXACT,physical_filename_or_h1,CANONICAL_PRE_RECONCILIATION,ARBRE_CANONIC.csv
Regulación y Supervisión > Integridad de los mercados > Pump and Dump,Regulación y Supervisión > Integridad de los mercados,2,Regulación y Supervisión,Pump and Dump,ARTICLE,LEAF_ARTICLE,V05_MASS_REVIEW_CLOSED,3.0,3.0,1,N_34b00039170f,N_d8d1c6d8259e,A_2fff6e4ff75a,Pump_and_Dump.md,OWN_ARTICLE,EXACT,physical_filename_or_h1,CANONICAL_PRE_RECONCILIATION,ARBRE_CANONIC.csv
Regulación y Supervisión > Integridad de los mercados > Quote Stuffing,Regulación y Supervisión > Integridad de los mercados,2,Regulación y Supervisión,Quote Stuffing,ARTICLE,LEAF_ARTICLE,V05_MASS_REVIEW_CLOSED,1.0,1.0,2,N_5e7261fd3ac5,N_d8d1c6d8259e,A_8dd0011b2fd4,Quote_Stuffing.md,OWN_ARTICLE,EXACT,physical_filename_or_h1,CANONICAL_PRE_RECONCILIATION,ARBRE_CANONIC.csv
Regulación y Supervisión > Integridad de los mercados > Spoofing,Regulación y Supervisión > Integridad de los mercados,2,Regulación y Supervisión,Spoofing,ARTICLE,LEAF_ARTICLE,V05_MASS_REVIEW_CLOSED,1.0,1.0,3,N_0c4142105c75,N_d8d1c6d8259e,A_01a463ad65ee,Spoofing.md,OWN_ARTICLE,EXACT,physical_filename_or_h1,CANONICAL_PRE_RECONCILIATION,ARBRE_CANONIC.csv
Regulación y Supervisión > Integridad de los mercados > Transparencia pre-trade y post-trade,Regulación y Supervisión > Integridad de los mercados,2,Regulación y Supervisión,Transparencia pre-trade y post-trade,ARTICLE,LEAF_ARTICLE,V05_MASS_REVIEW_CLOSED,0.0,0.0,4,N_bf3ee4d4a53c,N_d8d1c6d8259e,A_fafb622176b6,Transparencia_pre_post_trade.md,OWN_ARTICLE,EXACT,physical_filename_or_h1,CANONICAL_PRE_RECONCILIATION,ARBRE_CANONIC.csv
Regulación y Supervisión > Integridad y abuso de mercado,Regulación y Supervisión,2,Regulación y Supervisión,Integridad y abuso de mercado,ARTICLE,MASTER_ARTICLE,V05_MASS_EDITORIAL_COLLAPSE,0.0,0.0,7,N_80b707ff25fb,N_0ae17501579f,A_5b6e5a249558,Integridad_mercados.md,OWN_ARTICLE_ALIAS,HIGH_PHYSICAL_CONTENT,physical_article_content_and_owner,CANONICAL_PRE_RECONCILIATION,ARBRE_CANONIC.csv
Regulación y Supervisión > Integridad y abuso de mercado > Estrategias ilícitas basadas en la liquidez,Regulación y Supervisión > Integridad y abuso de mercado,3,Regulación y Supervisión,Estrategias ilícitas basadas en la liquidez,ARTICLE,LEAF_ARTICLE,V05_MASS_EDITORIAL_COLLAPSE,1.0,0.0,0,N_21566782e360,N_80b707ff25fb,A_5b6e5a249558,Integridad_mercados.md,SECTION_IN_ANCESTOR_ARTICLE,EDITORIAL_STRUCTURE_VERIFIED,canonical_parent_article,CANONICAL_PRE_RECONCILIATION,ARBRE_CANONIC.csv
Regulación y Supervisión > Malas prácticas profesionales y comerciales,Regulación y Supervisión,2,Regulación y Supervisión,Malas prácticas profesionales y comerciales,ARTICLE,LEAF_ARTICLE,V05_MASS_REVIEW_CLOSED,0.0,0.0,8,N_9e11822c8177,N_0ae17501579f,A_9fe2f65c71ed,Malas_practicas_profesionales_comerciales.md,OWN_ARTICLE,EXACT,physical_filename_or_h1,CANONICAL_PRE_RECONCILIATION,ARBRE_CANONIC.csv
Regulación y Supervisión > Malas prácticas profesionales y comerciales > Churning,Regulación y Supervisión > Malas prácticas profesionales y comerciales,3,Regulación y Supervisión,Churning,ARTICLE,MASTER_ARTICLE,V05_MASS_REVIEW_CLOSED,1.0,1.0,0,N_736dbe93a74c,N_9e11822c8177,A_c40a6e21def6,Churning.md,OWN_ARTICLE,EXACT,physical_filename_or_h1,CANONICAL_PRE_RECONCILIATION,ARBRE_CANONIC.csv
Regulación y Supervisión > Malas prácticas profesionales y comerciales > Conflictos de interés,Regulación y Supervisión > Malas prácticas profesionales y comerciales,3,Regulación y Supervisión,Conflictos de interés,ARTICLE,LEAF_ARTICLE,V05_MASS_REVIEW_CLOSED,0.0,0.0,1,N_73521b0b1d3b,N_9e11822c8177,A_247613220608,Conflictos_interes_regulacion.md,OWN_ARTICLE,EXACT,physical_filename_or_h1,CANONICAL_PRE_RECONCILIATION,ARBRE_CANONIC.csv
"Regulación y Supervisión > Fraude, malas prácticas y protección",Regulación y Supervisión,2,Regulación y Supervisión,"Fraude, malas prácticas y protección",ARTICLE,LEAF_ARTICLE,V05_MASS_REVIEW_CLOSED,2.0,1.0,9,N_b8e842582943,N_0ae17501579f,A_d3938d26d75b,Fraude_malas_practicas_proteccion.md,OWN_ARTICLE,EXACT,physical_filename_or_h1,CANONICAL_PRE_RECONCILIATION,ARBRE_CANONIC.csv
"Regulación y Supervisión > Fraude, malas prácticas y protección > Esquemas Ponzi","Regulación y Supervisión > Fraude, malas prácticas y protección",3,Regulación y Supervisión,Esquemas Ponzi,ARTICLE,LEAF_ARTICLE,V05_MASS_REVIEW_CLOSED,1.0,1.0,0,N_79b905bca4dc,N_b8e842582943,A_45784413dd25,Esquemas_Ponzi.md,OWN_ARTICLE,EXACT,physical_filename_or_h1,CANONICAL_PRE_RECONCILIATION,ARBRE_CANONIC.csv
Grandes Referentes del Trading,Biblioteca de Trading,1,Grandes Referentes del Trading,Grandes Referentes del Trading,ARTICLE,MASTER_ARTICLE,V05_MASS_REVIEW_CLOSED,6.0,9.0,15,N_594c843ec1ce,N_653fa1164539,A_14791ecce2ed,Grandes_Referentes_del_Trading.md,OWN_ARTICLE,EXACT,physical_filename_or_h1,CANONICAL_PRE_RECONCILIATION,ARBRE_CANONIC.csv
Grandes Referentes del Trading > Personas,Grandes Referentes del Trading,2,Grandes Referentes del Trading,Personas,ARTICLE,MASTER_ARTICLE,V05_MASS_REVIEW_CLOSED,2.0,1.0,0,N_c6f769f263f6,N_594c843ec1ce,A_bb43fb6f8bb1,Referentes_Personas.md,OWN_ARTICLE,EXACT,physical_filename_or_h1,CANONICAL_PRE_RECONCILIATION,ARBRE_CANONIC.csv
Grandes Referentes del Trading > Personas > Alexander Elder,Grandes Referentes del Trading > Personas,3,Grandes Referentes del Trading,Alexander Elder,ARTICLE,LEAF_ARTICLE,V05_MASS_REVIEW_CLOSED,1.0,1.0,0,N_dc1e3343b285,N_c6f769f263f6,A_2acc14598cb0,Alexander_Elder.md,OWN_ARTICLE,EXACT,physical_filename_or_h1,CANONICAL_PRE_RECONCILIATION,ARBRE_CANONIC.csv
Grandes Referentes del Trading > Personas > Benjamin Graham,Grandes Referentes del Trading > Personas,3,Grandes Referentes del Trading,Benjamin Graham,ARTICLE,LEAF_ARTICLE,V05_MASS_REVIEW_CLOSED,1.0,1.0,1,N_700fb663fd77,N_c6f769f263f6,A_4a93f6232a41,Benjamin_Graham.md,OWN_ARTICLE,EXACT,physical_filename_or_h1,CANONICAL_PRE_RECONCILIATION,ARBRE_CANONIC.csv
Grandes Referentes del Trading > Personas > Brett Steenbarger,Grandes Referentes del Trading > Personas,3,Grandes Referentes del Trading,Brett Steenbarger,ARTICLE,LEAF_ARTICLE,V05_MASS_REVIEW_CLOSED,1.0,1.0,2,N_841b3d3ab24b,N_c6f769f263f6,A_7f22b6bccc48,Brett_Steenbarger.md,OWN_ARTICLE,EXACT,physical_filename_or_h1,CANONICAL_PRE_RECONCILIATION,ARBRE_CANONIC.csv
Grandes Referentes del Trading > Personas > Carl Icahn,Grandes Referentes del Trading > Personas,3,Grandes Referentes del Trading,Carl Icahn,ARTICLE,LEAF_ARTICLE,V05_MASS_REVIEW_CLOSED,1.0,1.0,3,N_8f24f8afba1e,N_c6f769f263f6,A_bb37b7ecc74d,Carl_Icahn.md,OWN_ARTICLE,EXACT,physical_filename_or_h1,CANONICAL_PRE_RECONCILIATION,ARBRE_CANONIC.csv
Grandes Referentes del Trading > Personas > Charlie Munger,Grandes Referentes del Trading > Personas,3,Grandes Referentes del Trading,Charlie Munger,ARTICLE,LEAF_ARTICLE,V05_MASS_REVIEW_CLOSED,1.0,1.0,4,N_62d160dbf60b,N_c6f769f263f6,A_01079b2e4cd7,Charlie_Munger.md,OWN_ARTICLE,EXACT,physical_filename_or_h1,CANONICAL_PRE_RECONCILIATION,ARBRE_CANONIC.csv
Grandes Referentes del Trading > Personas > Ed Seykota,Grandes Referentes del Trading > Personas,3,Grandes Referentes del Trading,Ed Seykota,ARTICLE,LEAF_ARTICLE,V05_MASS_REVIEW_CLOSED,1.0,1.0,5,N_eb2f0c97a764,N_c6f769f263f6,A_7837fe85acb0,Ed_Seykota.md,OWN_ARTICLE,EXACT,physical_filename_or_h1,CANONICAL_PRE_RECONCILIATION,ARBRE_CANONIC.csv
Grandes Referentes del Trading > Personas > George Soros,Grandes Referentes del Trading > Personas,3,Grandes Referentes del Trading,George Soros,ARTICLE,LEAF_ARTICLE,V05_MASS_REVIEW_CLOSED,1.0,1.0,6,N_2335564b9ea9,N_c6f769f263f6,A_2cde33f6dbba,George_Soros.md,OWN_ARTICLE,EXACT,physical_filename_or_h1,CANONICAL_PRE_RECONCILIATION,ARBRE_CANONIC.csv
Grandes Referentes del Trading > Personas > Jack Schwager,Grandes Referentes del Trading > Personas,3,Grandes Referentes del Trading,Jack Schwager,ARTICLE,LEAF_ARTICLE,V05_MASS_REVIEW_CLOSED,1.0,1.0,7,N_9134b5e0f23c,N_c6f769f263f6,A_4ba96fd2ab98,Jack_Schwager.md,OWN_ARTICLE,EXACT,physical_filename_or_h1,CANONICAL_PRE_RECONCILIATION,ARBRE_CANONIC.csv
Grandes Referentes del Trading > Personas > Jesse Livermore,Grandes Referentes del Trading > Personas,3,Grandes Referentes del Trading,Jesse Livermore,ARTICLE,LEAF_ARTICLE,V05_MASS_REVIEW_CLOSED,1.0,1.0,8,N_030b910c8b11,N_c6f769f263f6,A_2701f64ebba3,Jesse_Livermore.md,OWN_ARTICLE,EXACT,physical_filename_or_h1,CANONICAL_PRE_RECONCILIATION,ARBRE_CANONIC.csv
Grandes Referentes del Trading > Personas > Jim Rogers,Grandes Referentes del Trading > Personas,3,Grandes Referentes del Trading,Jim Rogers,ARTICLE,LEAF_ARTICLE,V05_MASS_REVIEW_CLOSED,1.0,1.0,9,N_7088caa0fec4,N_c6f769f263f6,A_02fa2d4480fb,Jim_Rogers.md,OWN_ARTICLE,EXACT,physical_filename_or_h1,CANONICAL_PRE_RECONCILIATION,ARBRE_CANONIC.csv
Grandes Referentes del Trading > Personas > Jim Simons,Grandes Referentes del Trading > Personas,3,Grandes Referentes del Trading,Jim Simons,ARTICLE,LEAF_ARTICLE,V05_MASS_REVIEW_CLOSED,1.0,1.0,10,N_0297238f5584,N_c6f769f263f6,A_25fd0d3d389f,Jim_Simons.md,OWN_ARTICLE,EXACT,physical_filename_or_h1,CANONICAL_PRE_RECONCILIATION,ARBRE_CANONIC.csv
Grandes Referentes del Trading > Personas > John Templeton,Grandes Referentes del Trading > Personas,3,Grandes Referentes del Trading,John Templeton,ARTICLE,LEAF_ARTICLE,V05_MASS_REVIEW_CLOSED,1.0,1.0,11,N_21c7e12951dd,N_c6f769f263f6,A_d49ae1ac441c,John_Templeton.md,OWN_ARTICLE,EXACT,physical_filename_or_h1,CANONICAL_PRE_RECONCILIATION,ARBRE_CANONIC.csv
Grandes Referentes del Trading > Personas > Larry Williams,Grandes Referentes del Trading > Personas,3,Grandes Referentes del Trading,Larry Williams,ARTICLE,LEAF_ARTICLE,V05_MASS_REVIEW_CLOSED,1.0,1.0,12,N_a343278a7865,N_c6f769f263f6,A_25688721e500,Larry_Williams.md,OWN_ARTICLE,EXACT,physical_filename_or_h1,CANONICAL_PRE_RECONCILIATION,ARBRE_CANONIC.csv
Grandes Referentes del Trading > Personas > Mark Douglas,Grandes Referentes del Trading > Personas,3,Grandes Referentes del Trading,Mark Douglas,ARTICLE,LEAF_ARTICLE,V05_MASS_REVIEW_CLOSED,1.0,1.0,13,N_079500f4cedd,N_c6f769f263f6,A_2cda91443918,Mark_Douglas.md,OWN_ARTICLE,EXACT,physical_filename_or_h1,CANONICAL_PRE_RECONCILIATION,ARBRE_CANONIC.csv
Grandes Referentes del Trading > Personas > Michael Burry,Grandes Referentes del Trading > Personas,3,Grandes Referentes del Trading,Michael Burry,ARTICLE,LEAF_ARTICLE,V05_MASS_REVIEW_CLOSED,1.0,1.0,14,N_84fe6eba5d70,N_c6f769f263f6,A_211e12f1d1f1,Michael_Burry.md,OWN_ARTICLE,EXACT,physical_filename_or_h1,CANONICAL_PRE_RECONCILIATION,ARBRE_CANONIC.csv
Grandes Referentes del Trading > Personas > Paul Tudor Jones,Grandes Referentes del Trading > Personas,3,Grandes Referentes del Trading,Paul Tudor Jones,ARTICLE,LEAF_ARTICLE,V05_MASS_REVIEW_CLOSED,1.0,1.0,15,N_9e5e81e3a257,N_c6f769f263f6,A_e04fc4ff9038,Paul_Tudor_Jones.md,OWN_ARTICLE,EXACT,physical_filename_or_h1,CANONICAL_PRE_RECONCILIATION,ARBRE_CANONIC.csv
Grandes Referentes del Trading > Personas > Peter Lynch,Grandes Referentes del Trading > Personas,3,Grandes Referentes del Trading,Peter Lynch,ARTICLE,LEAF_ARTICLE,V05_MASS_REVIEW_CLOSED,1.0,1.0,16,N_fda4ff64814f,N_c6f769f263f6,A_1d38871baf1e,Peter_Lynch.md,OWN_ARTICLE,EXACT,physical_filename_or_h1,CANONICAL_PRE_RECONCILIATION,ARBRE_CANONIC.csv
Grandes Referentes del Trading > Personas > Philip Fisher,Grandes Referentes del Trading > Personas,3,Grandes Referentes del Trading,Philip Fisher,ARTICLE,LEAF_ARTICLE,V05_MASS_REVIEW_CLOSED,1.0,1.0,17,N_b121aac3737e,N_c6f769f263f6,A_935d697ee9ed,Philip_Fisher.md,OWN_ARTICLE,EXACT,physical_filename_or_h1,CANONICAL_PRE_RECONCILIATION,ARBRE_CANONIC.csv
Grandes Referentes del Trading > Personas > Ralph Nelson Elliott,Grandes Referentes del Trading > Personas,3,Grandes Referentes del Trading,Ralph Nelson Elliott,ARTICLE,LEAF_ARTICLE,V05_MASS_REVIEW_CLOSED,1.0,1.0,18,N_42bc78a83ca1,N_c6f769f263f6,A_ac79344b4907,Ralph_Nelson_Elliott.md,OWN_ARTICLE,EXACT,physical_filename_or_h1,CANONICAL_PRE_RECONCILIATION,ARBRE_CANONIC.csv
Grandes Referentes del Trading > Personas > Ray Dalio,Grandes Referentes del Trading > Personas,3,Grandes Referentes del Trading,Ray Dalio,ARTICLE,LEAF_ARTICLE,V05_MASS_REVIEW_CLOSED,2.0,2.0,19,N_796396b07fb2,N_c6f769f263f6,A_f0ade1d4af98,Ray_Dalio.md,OWN_ARTICLE,EXACT,physical_filename_or_h1,CANONICAL_PRE_RECONCILIATION,ARBRE_CANONIC.csv
Grandes Referentes del Trading > Personas > Richard Dennis,Grandes Referentes del Trading > Personas,3,Grandes Referentes del Trading,Richard Dennis,ARTICLE,LEAF_ARTICLE,V05_MASS_REVIEW_CLOSED,1.0,1.0,20,N_4b2c37b67bf2,N_c6f769f263f6,A_e71afa3714fc,Richard_Dennis.md,OWN_ARTICLE,EXACT,physical_filename_or_h1,CANONICAL_PRE_RECONCILIATION,ARBRE_CANONIC.csv
Grandes Referentes del Trading > Personas > Richard Wyckoff,Grandes Referentes del Trading > Personas,3,Grandes Referentes del Trading,Richard Wyckoff,ARTICLE,LEAF_ARTICLE,V05_MASS_REVIEW_CLOSED,1.0,1.0,21,N_aa4796c6152f,N_c6f769f263f6,A_f2a236f3ad40,Richard_Wyckoff.md,OWN_ARTICLE,EXACT,physical_filename_or_h1,CANONICAL_PRE_RECONCILIATION,ARBRE_CANONIC.csv
Grandes Referentes del Trading > Personas > Stanley Druckenmiller,Grandes Referentes del Trading > Personas,3,Grandes Referentes del Trading,Stanley Druckenmiller,ARTICLE,LEAF_ARTICLE,V05_MASS_REVIEW_CLOSED,1.0,1.0,22,N_7e1311453af1,N_c6f769f263f6,A_ce4d5c0e0d8a,Stanley_Druckenmiller.md,OWN_ARTICLE,EXACT,physical_filename_or_h1,CANONICAL_PRE_RECONCILIATION,ARBRE_CANONIC.csv
Grandes Referentes del Trading > Personas > Van Tharp,Grandes Referentes del Trading > Personas,3,Grandes Referentes del Trading,Van Tharp,ARTICLE,LEAF_ARTICLE,V05_MASS_REVIEW_CLOSED,1.0,1.0,23,N_07f831a5b5bc,N_c6f769f263f6,A_4f1228427267,Van_Tharp.md,OWN_ARTICLE,EXACT,physical_filename_or_h1,CANONICAL_PRE_RECONCILIATION,ARBRE_CANONIC.csv
Grandes Referentes del Trading > Personas > Warren Buffett,Grandes Referentes del Trading > Personas,3,Grandes Referentes del Trading,Warren Buffett,ARTICLE,LEAF_ARTICLE,V05_MASS_REVIEW_CLOSED,1.0,1.0,24,N_0471bb96b4f8,N_c6f769f263f6,A_d277b1bbdb18,Warren_Buffett.md,OWN_ARTICLE,EXACT,physical_filename_or_h1,CANONICAL_PRE_RECONCILIATION,ARBRE_CANONIC.csv
Grandes Referentes del Trading > Personas > William Eckhardt,Grandes Referentes del Trading > Personas,3,Grandes Referentes del Trading,William Eckhardt,ARTICLE,LEAF_ARTICLE,V05_MASS_REVIEW_CLOSED,1.0,1.0,25,N_97eafb63f622,N_c6f769f263f6,A_3d5bb704fb1d,William_Eckhardt.md,OWN_ARTICLE,EXACT,physical_filename_or_h1,CANONICAL_PRE_RECONCILIATION,ARBRE_CANONIC.csv
Grandes Referentes del Trading > Personas > William O'Neil,Grandes Referentes del Trading > Personas,3,Grandes Referentes del Trading,William O'Neil,ARTICLE,LEAF_ARTICLE,V05_MASS_REVIEW_CLOSED,1.0,1.0,26,N_20da712fb298,N_c6f769f263f6,A_85112c075176,William_ONeil.md,OWN_ARTICLE,EXACT,physical_filename_or_h1,CANONICAL_PRE_RECONCILIATION,ARBRE_CANONIC.csv
"Marco Legal, Fiscal y Profesional del Trading",Biblioteca de Trading,1,"Marco Legal, Fiscal y Profesional del Trading","Marco Legal, Fiscal y Profesional del Trading",ARTICLE,MASTER_ARTICLE,V05_MASS_REVIEW_CLOSED,4.0,4.0,16,N_17fe1a3eb3e7,N_653fa1164539,A_c5b66e72fdbe,Marco_Legal_Fiscal_Profesional_Trading.md,OWN_ARTICLE,EXACT,physical_filename_or_h1,CANONICAL_PRE_RECONCILIATION,ARBRE_CANONIC.csv
"Marco Legal, Fiscal y Profesional del Trading > Actividad profesional","Marco Legal, Fiscal y Profesional del Trading",2,"Marco Legal, Fiscal y Profesional del Trading",Actividad profesional,ARTICLE,MASTER_ARTICLE,V05_MASS_REVIEW_CLOSED,0.0,0.0,0,N_a5109b7329b2,N_17fe1a3eb3e7,A_f6f6e4b3f497,Actividad_profesional_trading.md,OWN_ARTICLE,EXACT,physical_filename_or_h1,CANONICAL_PRE_RECONCILIATION,ARBRE_CANONIC.csv
"Marco Legal, Fiscal y Profesional del Trading > Actividad profesional > Trading como actividad profesional y negocio propio","Marco Legal, Fiscal y Profesional del Trading > Actividad profesional",3,"Marco Legal, Fiscal y Profesional del Trading",Trading como actividad profesional y negocio propio,ARTICLE,LEAF_ARTICLE,V05_MASS_REVIEW_CLOSED,1.0,1.0,0,N_a75a4c78a3db,N_a5109b7329b2,A_5fcf64e9eea3,Trading_actividad_profesional_negocio_propio.md,OWN_ARTICLE,EXACT,physical_filename_or_h1,CANONICAL_PRE_RECONCILIATION,ARBRE_CANONIC.csv
"Marco Legal, Fiscal y Profesional del Trading > Fiscalidad del Trading y obligaciones administrativas","Marco Legal, Fiscal y Profesional del Trading",2,"Marco Legal, Fiscal y Profesional del Trading",Fiscalidad del Trading y obligaciones administrativas,ARTICLE,LEAF_ARTICLE,V05_MASS_REVIEW_CLOSED,1.0,1.0,1,N_d8e16989c7ce,N_17fe1a3eb3e7,A_d2ece65bf0fc,Fiscalidad_Trading_obligaciones_administrativas.md,OWN_ARTICLE,EXACT,physical_filename_or_h1,CANONICAL_PRE_RECONCILIATION,ARBRE_CANONIC.csv
Exposición Sectorial y Temática,Biblioteca de Trading,1,Exposición Sectorial y Temática,Exposición Sectorial y Temática,ARTICLE,MASTER_ARTICLE,V05_MASS_REVIEW_CLOSED,0.0,0.0,17,N_c31c9d6bb016,N_653fa1164539,A_d425a7f7180f,Exposicion_Sectorial_Tematica.md,OWN_ARTICLE,EXACT,physical_filename_or_h1,CANONICAL_PRE_RECONCILIATION,ARBRE_CANONIC.csv
Exposición Sectorial y Temática > Energía y transición energética,Exposición Sectorial y Temática,2,Exposición Sectorial y Temática,Energía y transición energética,ARTICLE,MASTER_ARTICLE,V05_MASS_REVIEW_CLOSED,0.0,0.0,0,N_fce099b27136,N_c31c9d6bb016,A_800a3f55b48c,Energia_transicion_energetica.md,OWN_ARTICLE,EXACT,physical_filename_or_h1,CANONICAL_PRE_RECONCILIATION,ARBRE_CANONIC.csv
Exposición Sectorial y Temática > Energía y transición energética > Biomasa,Exposición Sectorial y Temática > Energía y transición energética,3,Exposición Sectorial y Temática,Biomasa,ARTICLE,LEAF_ARTICLE,V05_MASS_REVIEW_CLOSED,1.0,1.0,0,N_6163749c0fd6,N_fce099b27136,A_1bb9d5ebede5,Biomasa.md,OWN_ARTICLE,EXACT,physical_filename_or_h1,CANONICAL_PRE_RECONCILIATION,ARBRE_CANONIC.csv
Exposición Sectorial y Temática > Energía y transición energética > Energía eólica,Exposición Sectorial y Temática > Energía y transición energética,3,Exposición Sectorial y Temática,Energía eólica,ARTICLE,LEAF_ARTICLE,V05_MASS_REVIEW_CLOSED,1.0,1.0,1,N_49a64b9de3ea,N_fce099b27136,A_cde5e5268fc5,Energia_eolica.md,OWN_ARTICLE,EXACT,physical_filename_or_h1,CANONICAL_PRE_RECONCILIATION,ARBRE_CANONIC.csv
Exposición Sectorial y Temática > Energía y transición energética > Energía geotérmica,Exposición Sectorial y Temática > Energía y transición energética,3,Exposición Sectorial y Temática,Energía geotérmica,ARTICLE,LEAF_ARTICLE,V05_MASS_REVIEW_CLOSED,1.0,1.0,2,N_e30c6968ae8a,N_fce099b27136,A_95e51219bd36,Energia_geotermica.md,OWN_ARTICLE,EXACT,physical_filename_or_h1,CANONICAL_PRE_RECONCILIATION,ARBRE_CANONIC.csv
Exposición Sectorial y Temática > Energía y transición energética > Energía hidroeléctrica,Exposición Sectorial y Temática > Energía y transición energética,3,Exposición Sectorial y Temática,Energía hidroeléctrica,ARTICLE,LEAF_ARTICLE,V05_MASS_REVIEW_CLOSED,1.0,1.0,3,N_3ab1c0827f03,N_fce099b27136,A_640f2e61efd6,Energia_hidroelectrica.md,OWN_ARTICLE,EXACT,physical_filename_or_h1,CANONICAL_PRE_RECONCILIATION,ARBRE_CANONIC.csv
Exposición Sectorial y Temática > Energía y transición energética > Energía marina u oceánica,Exposición Sectorial y Temática > Energía y transición energética,3,Exposición Sectorial y Temática,Energía marina u oceánica,ARTICLE,LEAF_ARTICLE,V05_MASS_REVIEW_CLOSED,1.0,1.0,4,N_e60450617c59,N_fce099b27136,A_22efa06a8344,Energia_marina_oceanica.md,OWN_ARTICLE,EXACT,physical_filename_or_h1,CANONICAL_PRE_RECONCILIATION,ARBRE_CANONIC.csv
Exposición Sectorial y Temática > Energía y transición energética > Energía nuclear,Exposición Sectorial y Temática > Energía y transición energética,3,Exposición Sectorial y Temática,Energía nuclear,ARTICLE,LEAF_ARTICLE,V05_MASS_REVIEW_CLOSED,2.0,2.0,5,N_f7000bbbaf45,N_fce099b27136,A_aab3c2ce4c43,Energia_nuclear.md,OWN_ARTICLE,EXACT,physical_filename_or_h1,CANONICAL_PRE_RECONCILIATION,ARBRE_CANONIC.csv
Exposición Sectorial y Temática > Energía y transición energética > Energía solar,Exposición Sectorial y Temática > Energía y transición energética,3,Exposición Sectorial y Temática,Energía solar,ARTICLE,LEAF_ARTICLE,V05_MASS_REVIEW_CLOSED,1.0,1.0,6,N_03082b475178,N_fce099b27136,A_543e5435a582,Energia_solar.md,OWN_ARTICLE,EXACT,physical_filename_or_h1,CANONICAL_PRE_RECONCILIATION,ARBRE_CANONIC.csv
Exposición Sectorial y Temática > Energía y transición energética > Energías renovables,Exposición Sectorial y Temática > Energía y transición energética,3,Exposición Sectorial y Temática,Energías renovables,ARTICLE,LEAF_ARTICLE,V05_MASS_REVIEW_CLOSED,2.0,2.0,7,N_628b3ce6f911,N_fce099b27136,A_7e2550234357,Energias_renovables.md,OWN_ARTICLE,EXACT,physical_filename_or_h1,CANONICAL_PRE_RECONCILIATION,ARBRE_CANONIC.csv
Exposición Sectorial y Temática > Energía y transición energética > Hidrógeno,Exposición Sectorial y Temática > Energía y transición energética,3,Exposición Sectorial y Temática,Hidrógeno,ARTICLE,LEAF_ARTICLE,V05_MASS_REVIEW_CLOSED,1.0,1.0,8,N_57ccbd5186a0,N_fce099b27136,A_3de1b805eb37,Hidrogeno.md,OWN_ARTICLE,EXACT,physical_filename_or_h1,CANONICAL_PRE_RECONCILIATION,ARBRE_CANONIC.csv
Introducción al Trading > Qué es el trading,Introducción al Trading,2,Introducción al Trading,Qué es el trading,ARTICLE,LEAF_ARTICLE,V05_EDITORIAL_REVIEW_CLOSED,0.0,0.0,0,N_6800b9e297ca,N_8598aeeb1157,A_daf6b6679f3f,Que_es_el_trading.md,OWN_ARTICLE,EXACT,physical_filename_or_h1,CANONICAL_PRE_RECONCILIATION,ARBRE_CANONIC.csv
"Introducción al Trading > Trading, probabilidad y ventaja estadística",Introducción al Trading,2,Introducción al Trading,"Trading, probabilidad y ventaja estadística",ARTICLE,MASTER_ARTICLE,V05_EDITORIAL_REVIEW_CLOSED,0.0,0.0,1,N_2d4fdb9dc266,N_8598aeeb1157,A_2bc4d31e66a3,Trading_probabilidad_y_ventaja_estadistica.md,OWN_ARTICLE,EXACT,physical_filename_or_h1,CANONICAL_PRE_RECONCILIATION,ARBRE_CANONIC.csv
"Introducción al Trading > Trading, inversión y especulación",Introducción al Trading,2,Introducción al Trading,"Trading, inversión y especulación",ARTICLE,LEAF_ARTICLE,V05_EDITORIAL_REVIEW_CLOSED,0.0,0.0,2,N_e63e5cf61007,N_8598aeeb1157,A_e1dad081632c,Trading_inversion_y_especulacion.md,OWN_ARTICLE,EXACT,physical_filename_or_h1,CANONICAL_PRE_RECONCILIATION,ARBRE_CANONIC.csv
Introducción al Trading > Cómo funciona una operación de trading,Introducción al Trading,2,Introducción al Trading,Cómo funciona una operación de trading,ARTICLE,LEAF_ARTICLE,V05_EDITORIAL_REVIEW_CLOSED,0.0,0.0,3,N_a1bc91e8a9c0,N_8598aeeb1157,A_76611a7fff2f,Como_funciona_una_operacion_de_trading.md,OWN_ARTICLE,EXACT,physical_filename_or_h1,CANONICAL_PRE_RECONCILIATION,ARBRE_CANONIC.csv
"Introducción al Trading > Trading, economía, sociedad y ética",Introducción al Trading,2,Introducción al Trading,"Trading, economía, sociedad y ética",ARTICLE,LEAF_ARTICLE,V05_EDITORIAL_REVIEW_CLOSED,0.0,0.0,4,N_7a19fa0276d5,N_8598aeeb1157,A_b4697d88d18f,Trading_economia_sociedad_y_etica.md,OWN_ARTICLE,EXACT,physical_filename_or_h1,CANONICAL_PRE_RECONCILIATION,ARBRE_CANONIC.csv
"Introducción al Trading > Trading, probabilidad y ventaja estadística > Edge o ventaja estadística","Introducción al Trading > Trading, probabilidad y ventaja estadística",3,Introducción al Trading,Edge o ventaja estadística,ARTICLE,LEAF_ARTICLE,V05_EDITORIAL_REVIEW_CLOSED,0.0,0.0,0,N_3a1a5697e645,N_2d4fdb9dc266,A_240e33b0566c,Edge_o_ventaja_estadistica.md,OWN_ARTICLE,EXACT,physical_filename_or_h1,CANONICAL_PRE_RECONCILIATION,ARBRE_CANONIC.csv
"Introducción al Trading > Trading, probabilidad y ventaja estadística > Esperanza matemática en el trading","Introducción al Trading > Trading, probabilidad y ventaja estadística",3,Introducción al Trading,Esperanza matemática en el trading,ARTICLE,LEAF_ARTICLE,V05_EDITORIAL_REVIEW_CLOSED,0.0,0.0,1,N_70a585d53670,N_2d4fdb9dc266,A_702e131fa4d9,Esperanza_matematica_en_el_trading.md,OWN_ARTICLE,EXACT,physical_filename_or_h1,CANONICAL_PRE_RECONCILIATION,ARBRE_CANONIC.csv
"Mercados, Activos e Instrumentos Financieros > Mercados > Estructura y funcionamiento > Órdenes y ejecución > Tipos de órdenes","Mercados, Activos e Instrumentos Financieros > Mercados > Estructura y funcionamiento > Órdenes y ejecución",5,"Mercados, Activos e Instrumentos Financieros",Tipos de órdenes,ARTICLE,LEAF_ARTICLE,V05_MASS_REVIEW_CLOSED,0.0,0.0,1,N_e783bdce602c,N_1d46b2335b7a,A_eda083743943,Ordenes_y_ejecucion.md,SECTION_IN_ANCESTOR_ARTICLE,MANUAL_CONTENT_VERIFIED,physical_parent_article_content,CANONICAL_PRE_RECONCILIATION,ARBRE_CANONIC.csv
Cómo empezar en el trading,Biblioteca de Trading,1,Cómo empezar en el trading,Cómo empezar en el trading,ARTICLE,MASTER_ARTICLE,EDITORIAL_V05_REVIEW_1_BY_1_PROMOTED_N1,,,1,N_460f78686578,N_653fa1164539,A_bdc55ab903a3,Como_empezar_en_el_trading.md,OWN_ARTICLE_CREATED,EXPLICIT,created_from_canonical_node,CANONICAL_PRE_RECONCILIATION,ARBRE_CANONIC.csv
Cómo empezar en el trading > ¿Es el trading adecuado para ti?,Cómo empezar en el trading,2,Cómo empezar en el trading,¿Es el trading adecuado para ti?,ARTICLE,LEAF_ARTICLE,EDITORIAL_V05_REVIEW_COMO_EMPEZAR_N1,,,0,N_67a98c240871,N_460f78686578,A_b31f33d336b4,Es_el_trading_adecuado_para_ti.md,OWN_ARTICLE,EXACT,physical_filename_or_h1,CANONICAL_PRE_RECONCILIATION,ARBRE_CANONIC.csv
Cómo empezar en el trading > Ruta y fases para empezar en el trading,Cómo empezar en el trading,2,Cómo empezar en el trading,Ruta y fases para empezar en el trading,ARTICLE,LEAF_ARTICLE,EDITORIAL_V05_REVIEW_COMO_EMPEZAR_N1,,,1,N_4eb9077e00d6,N_460f78686578,A_953c8a8ad14e,Ruta_y_fases_para_empezar_en_el_trading.md,OWN_ARTICLE,EXACT,physical_filename_or_h1,CANONICAL_PRE_RECONCILIATION,ARBRE_CANONIC.csv
Cómo empezar en el trading > Formación y acompañamiento para aprender trading,Cómo empezar en el trading,2,Cómo empezar en el trading,Formación y acompañamiento para aprender trading,ARTICLE,MASTER_ARTICLE,EDITORIAL_V05_REVIEW_COMO_EMPEZAR_N1,,,2,N_41f779848514,N_460f78686578,A_298859a2c751,Formacion_y_acompanamiento_para_aprender_trading.md,OWN_ARTICLE,EXACT,physical_filename_or_h1,CANONICAL_PRE_RECONCILIATION,ARBRE_CANONIC.csv
"Cómo empezar en el trading > Expectativas, tiempo y dedicación",Cómo empezar en el trading,2,Cómo empezar en el trading,"Expectativas, tiempo y dedicación",ARTICLE,LEAF_ARTICLE,EDITORIAL_V05_REVIEW_COMO_EMPEZAR_N1,,,3,N_9f1e9fc8094d,N_460f78686578,A_84e96fb0b3dc,Expectativas_tiempo_y_dedicacion.md,OWN_ARTICLE,EXACT,physical_filename_or_h1,CANONICAL_PRE_RECONCILIATION,ARBRE_CANONIC.csv
Cómo empezar en el trading > Qué necesitas para empezar,Cómo empezar en el trading,2,Cómo empezar en el trading,Qué necesitas para empezar,ARTICLE,LEAF_ARTICLE,EDITORIAL_V05_REVIEW_COMO_EMPEZAR_N1,,,4,N_8465e7ed9d4f,N_460f78686578,A_367a22f4a1a2,Que_necesitas_para_empezar.md,OWN_ARTICLE,EXACT,physical_filename_or_h1,CANONICAL_PRE_RECONCILIATION,ARBRE_CANONIC.csv
Cómo empezar en el trading > Elegir qué y cómo operar,Cómo empezar en el trading,2,Cómo empezar en el trading,Elegir qué y cómo operar,ARTICLE,LEAF_ARTICLE,EDITORIAL_V05_REVIEW_COMO_EMPEZAR_N1,,,5,N_ff47aa373ee6,N_460f78686578,A_a1d32625eebc,Elegir_que_y_como_operar.md,OWN_ARTICLE,EXACT,physical_filename_or_h1,CANONICAL_PRE_RECONCILIATION,ARBRE_CANONIC.csv
Cómo empezar en el trading > Formas de empezar a operar y tipos de cuenta,Cómo empezar en el trading,2,Cómo empezar en el trading,Formas de empezar a operar y tipos de cuenta,ARTICLE,MASTER_ARTICLE,EDITORIAL_V05_REVIEW_COMO_EMPEZAR_N1,,,6,N_fc1fd64b0f5b,N_460f78686578,A_599c7d201ff9,Formas_de_empezar_a_operar_y_tipos_de_cuenta.md,OWN_ARTICLE,EXACT,physical_filename_or_h1,CANONICAL_PRE_RECONCILIATION,ARBRE_CANONIC.csv
Cómo empezar en el trading > Construir y validar tu primer método,Cómo empezar en el trading,2,Cómo empezar en el trading,Construir y validar tu primer método,ARTICLE,LEAF_ARTICLE,EDITORIAL_V05_REVIEW_COMO_EMPEZAR_N1,,,7,N_5521b773ac32,N_460f78686578,A_736df96cd98f,Construir_y_validar_tu_primer_metodo.md,OWN_ARTICLE,EXACT,physical_filename_or_h1,CANONICAL_PRE_RECONCILIATION,ARBRE_CANONIC.csv
Cómo empezar en el trading > Pasar a dinero real y progresar,Cómo empezar en el trading,2,Cómo empezar en el trading,Pasar a dinero real y progresar,ARTICLE,LEAF_ARTICLE,EDITORIAL_V05_REVIEW_COMO_EMPEZAR_N1,,,8,N_741149d8e70d,N_460f78686578,A_20b871e78ea6,Pasar_a_dinero_real_y_progresar.md,OWN_ARTICLE,EXACT,physical_filename_or_h1,CANONICAL_PRE_RECONCILIATION,ARBRE_CANONIC.csv
"Cómo empezar en el trading > Engaños, falsas promesas y conflictos de interés",Cómo empezar en el trading,2,Cómo empezar en el trading,"Engaños, falsas promesas y conflictos de interés",ARTICLE,LEAF_ARTICLE,EDITORIAL_V05_REVIEW_COMO_EMPEZAR_N1,,,9,N_14333e25db61,N_460f78686578,A_dc02ebbe4f58,Enganos_falsas_promesas_y_conflictos_de_interes.md,OWN_ARTICLE,EXACT,physical_filename_or_h1,CANONICAL_PRE_RECONCILIATION,ARBRE_CANONIC.csv
Cómo empezar en el trading > Errores frecuentes al empezar,Cómo empezar en el trading,2,Cómo empezar en el trading,Errores frecuentes al empezar,ARTICLE,LEAF_ARTICLE,EDITORIAL_V05_REVIEW_COMO_EMPEZAR_N1,,,10,N_5f0652540eff,N_460f78686578,A_43a51ad3aac2,Errores_frecuentes_al_empezar.md,OWN_ARTICLE,EXACT,physical_filename_or_h1,CANONICAL_PRE_RECONCILIATION,ARBRE_CANONIC.csv
Cómo empezar en el trading > Formas de empezar a operar y tipos de cuenta > Cuenta demo,Cómo empezar en el trading > Formas de empezar a operar y tipos de cuenta,3,Cómo empezar en el trading,Cuenta demo,ARTICLE,LEAF_ARTICLE,EDITORIAL_V05_REVIEW_COMO_EMPEZAR_N1,,,0,N_2b0f20d17bde,N_fc1fd64b0f5b,A_08d5eb43f183,Cuenta_demo.md,OWN_ARTICLE,EXACT,physical_filename_or_h1,CANONICAL_PRE_RECONCILIATION,ARBRE_CANONIC.csv
Cómo empezar en el trading > Formas de empezar a operar y tipos de cuenta > Cuentas cent y micro,Cómo empezar en el trading > Formas de empezar a operar y tipos de cuenta,3,Cómo empezar en el trading,Cuentas cent y micro,ARTICLE,LEAF_ARTICLE,EDITORIAL_V05_REVIEW_COMO_EMPEZAR_N1,,,1,N_185f71869182,N_fc1fd64b0f5b,A_1f6fc4cd9131,Cuentas_cent_y_micro.md,OWN_ARTICLE,EXACT,physical_filename_or_h1,CANONICAL_PRE_RECONCILIATION,ARBRE_CANONIC.csv
Cómo empezar en el trading > Formas de empezar a operar y tipos de cuenta > Cuenta real con capital propio,Cómo empezar en el trading > Formas de empezar a operar y tipos de cuenta,3,Cómo empezar en el trading,Cuenta real con capital propio,ARTICLE,LEAF_ARTICLE,EDITORIAL_V05_REVIEW_COMO_EMPEZAR_N1,,,2,N_33bb5c8cbf59,N_fc1fd64b0f5b,A_e52dc048d66a,Cuenta_real_con_capital_propio.md,OWN_ARTICLE,EXACT,physical_filename_or_h1,CANONICAL_PRE_RECONCILIATION,ARBRE_CANONIC.csv
Cómo empezar en el trading > Formas de empezar a operar y tipos de cuenta > Cuentas de fondeo y prop firms al empezar,Cómo empezar en el trading > Formas de empezar a operar y tipos de cuenta,3,Cómo empezar en el trading,Cuentas de fondeo y prop firms al empezar,ARTICLE,LEAF_ARTICLE,EDITORIAL_V05_REVIEW_COMO_EMPEZAR_N1,,,3,N_74551bf2396c,N_fc1fd64b0f5b,A_044b9be72361,Cuentas_de_fondeo_y_prop_firms_al_empezar.md,OWN_ARTICLE,EXACT,physical_filename_or_h1,CANONICAL_PRE_RECONCILIATION,ARBRE_CANONIC.csv
"Mercados, Activos e Instrumentos Financieros > Mercados > Tipos de mercados financieros > Mercados por activo o instrumento","Mercados, Activos e Instrumentos Financieros > Mercados > Tipos de mercados financieros",4,"Mercados, Activos e Instrumentos Financieros",Mercados por activo o instrumento,ARTICLE,MASTER_ARTICLE,V06_APPROVED_CHANGE,,,4,N_9d1ea9595c7c,N_44be94425103,A_3a1a74db833c,Tipos_de_Mercados_Financieros.md,SECTION_IN_ANCESTOR_ARTICLE,EDITORIAL_STRUCTURE_VERIFIED,canonical_parent_article,CANONICAL_PRE_RECONCILIATION,ARBRE_CANONIC.csv
"Mercados, Activos e Instrumentos Financieros > Mercados > Tipos de mercados financieros > Mercado primario y mercado secundario","Mercados, Activos e Instrumentos Financieros > Mercados > Tipos de mercados financieros",4,"Mercados, Activos e Instrumentos Financieros",Mercado primario y mercado secundario,ARTICLE,LEAF_ARTICLE,V06_APPROVED_CHANGE,,,0,N_122d3a2ecf1f,N_44be94425103,A_fcecd85d711d,Mercados_Financieros.md,SECTION_IN_OTHER_ARTICLE,EXACT_HEADING,article_frontmatter_or_heading,CANONICAL_PRE_RECONCILIATION,ARBRE_CANONIC.csv
"Mercados, Activos e Instrumentos Financieros > Mercados > Tipos de mercados financieros > Mercados al contado y mercados a plazo","Mercados, Activos e Instrumentos Financieros > Mercados > Tipos de mercados financieros",4,"Mercados, Activos e Instrumentos Financieros",Mercados al contado y mercados a plazo,ARTICLE,LEAF_ARTICLE,V06_APPROVED_CHANGE,,,1,N_457e98bd9139,N_44be94425103,A_3a1a74db833c,Tipos_de_Mercados_Financieros.md,SECTION_IN_ANCESTOR_ARTICLE,EDITORIAL_STRUCTURE_VERIFIED,canonical_parent_article,CANONICAL_PRE_RECONCILIATION,ARBRE_CANONIC.csv
"Mercados, Activos e Instrumentos Financieros > Mercados > Teorías de los mercados financieros","Mercados, Activos e Instrumentos Financieros > Mercados",3,"Mercados, Activos e Instrumentos Financieros",Teorías de los mercados financieros,ARTICLE,MASTER_ARTICLE,V06_COMPLETENESS_ADDITION,,,7,N_fad7f4bff2f7,N_37f447d9c170,A_649344a5fee8,Teorias_de_los_mercados_financieros.md,OWN_ARTICLE_CREATED,EXPLICIT,created_from_canonical_node,CANONICAL_PRE_RECONCILIATION,ARBRE_CANONIC.csv
"Mercados, Activos e Instrumentos Financieros > Mercados > Teorías de los mercados financieros > Hipótesis de los mercados eficientes","Mercados, Activos e Instrumentos Financieros > Mercados > Teorías de los mercados financieros",4,"Mercados, Activos e Instrumentos Financieros",Hipótesis de los mercados eficientes,ARTICLE,LEAF_ARTICLE,V06_COMPLETENESS_ADDITION,,,2,N_6ccbdadbcd70,N_fad7f4bff2f7,A_1e54fefbd0c0,Hipotesis_de_los_mercados_eficientes.md,OWN_ARTICLE_CREATED,EXPLICIT,created_from_canonical_node,CANONICAL_PRE_RECONCILIATION,ARBRE_CANONIC.csv
"Mercados, Activos e Instrumentos Financieros > Mercados > Teorías de los mercados financieros > Teoría del paseo aleatorio / Random Walk","Mercados, Activos e Instrumentos Financieros > Mercados > Teorías de los mercados financieros",4,"Mercados, Activos e Instrumentos Financieros",Teoría del paseo aleatorio / Random Walk,ARTICLE,LEAF_ARTICLE,V06_COMPLETENESS_ADDITION,,,6,N_d350df1e5e10,N_fad7f4bff2f7,A_d366e5716c30,Teoria_del_paseo_aleatorio_Random_Walk.md,OWN_ARTICLE_CREATED,EXPLICIT,created_from_canonical_node,CANONICAL_PRE_RECONCILIATION,ARBRE_CANONIC.csv
"Mercados, Activos e Instrumentos Financieros > Mercados > Teorías de los mercados financieros > Finanzas conductuales e ineficiencias de mercado","Mercados, Activos e Instrumentos Financieros > Mercados > Teorías de los mercados financieros",4,"Mercados, Activos e Instrumentos Financieros",Finanzas conductuales e ineficiencias de mercado,ARTICLE,LEAF_ARTICLE,V06_COMPLETENESS_ADDITION,,,0,N_f47da1e78f12,N_fad7f4bff2f7,A_dc09e92c9766,Finanzas_conductuales_e_ineficiencias_de_mercado.md,OWN_ARTICLE_CREATED,EXPLICIT,created_from_canonical_node,CANONICAL_PRE_RECONCILIATION,ARBRE_CANONIC.csv
"Mercados, Activos e Instrumentos Financieros > Mercados > Teorías de los mercados financieros > Hipótesis de los mercados adaptativos","Mercados, Activos e Instrumentos Financieros > Mercados > Teorías de los mercados financieros",4,"Mercados, Activos e Instrumentos Financieros",Hipótesis de los mercados adaptativos,ARTICLE,LEAF_ARTICLE,V06_COMPLETENESS_ADDITION,,,1,N_523fb7595ebc,N_fad7f4bff2f7,A_dd45ea3a602a,Hipotesis_de_los_mercados_adaptativos.md,OWN_ARTICLE_CREATED,EXPLICIT,created_from_canonical_node,CANONICAL_PRE_RECONCILIATION,ARBRE_CANONIC.csv
"Mercados, Activos e Instrumentos Financieros > Mercados > Teorías de los mercados financieros > Teoría de la reflexividad","Mercados, Activos e Instrumentos Financieros > Mercados > Teorías de los mercados financieros",4,"Mercados, Activos e Instrumentos Financieros",Teoría de la reflexividad,ARTICLE,LEAF_ARTICLE,V06_COMPLETENESS_ADDITION,,,4,N_3a6900fa35f3,N_fad7f4bff2f7,A_1f73b1ea6714,Teoria_de_la_reflexividad.md,OWN_ARTICLE_CREATED,EXPLICIT,created_from_canonical_node,CANONICAL_PRE_RECONCILIATION,ARBRE_CANONIC.csv
"Mercados, Activos e Instrumentos Financieros > Mercados > Teorías de los mercados financieros > Hipótesis de los mercados fractales","Mercados, Activos e Instrumentos Financieros > Mercados > Teorías de los mercados financieros",4,"Mercados, Activos e Instrumentos Financieros",Hipótesis de los mercados fractales,ARTICLE,LEAF_ARTICLE,V06_COMPLETENESS_ADDITION,,,3,N_088d77dfe7ad,N_fad7f4bff2f7,A_fea151f19335,Hipotesis_de_los_mercados_fractales.md,OWN_ARTICLE_CREATED,EXPLICIT,created_from_canonical_node,CANONICAL_PRE_RECONCILIATION,ARBRE_CANONIC.csv
"Mercados, Activos e Instrumentos Financieros > Activos e Instrumentos Financieros > Renta variable > Índices > Relación entre acciones e índices","Mercados, Activos e Instrumentos Financieros > Activos e Instrumentos Financieros > Renta variable > Índices",5,"Mercados, Activos e Instrumentos Financieros",Relación entre acciones e índices,ARTICLE,LEAF_ARTICLE,V06_APPROVED_CHANGE,,,10,N_f63db2d1e4af,N_868e61ce8cbf,A_301e47f49418,Indices.md,SECTION_IN_ANCESTOR_ARTICLE,MANUAL_CONTENT_VERIFIED,physical_parent_article_content,CANONICAL_PRE_RECONCILIATION,ARBRE_CANONIC.csv
"Mercados, Activos e Instrumentos Financieros > Mercados > Estructura y funcionamiento > Apalancamiento","Mercados, Activos e Instrumentos Financieros > Mercados > Estructura y funcionamiento",4,"Mercados, Activos e Instrumentos Financieros",Apalancamiento,ARTICLE,LEAF_ARTICLE,CANONICAL,0.0,0.0,6,N_291ee84294bc,N_ff1387226b2e,A_180ba01e1c4a,Apalancamiento.md,OWN_ARTICLE,EXACT,physical_filename_or_h1,CANONICAL_PRE_RECONCILIATION,ARBRE_CANONIC.csv
"Gestión del Riesgo, Gestión Monetaria y Psicotrading > Psicotrading","Gestión del Riesgo, Gestión Monetaria y Psicotrading",1,"Gestión del Riesgo, Gestión Monetaria y Psicotrading",Psicotrading,ARTICLE,MASTER_ARTICLE,CANONICAL_REPAIR,0.0,0.0,7,N_c61890f57f5e,N_c2f3c82f191e,A_a13699e78189,Psicotrading.md,OWN_ARTICLE,EXACT,physical_filename_or_h1,CANONICAL_PRE_RECONCILIATION,ARBRE_CANONIC.csv
"Gestión del Riesgo, Gestión Monetaria y Psicotrading > Psicotrading > Consistencia en el Trading","Gestión del Riesgo, Gestión Monetaria y Psicotrading > Psicotrading",2,"Gestión del Riesgo, Gestión Monetaria y Psicotrading",Consistencia en el Trading,ARTICLE,LEAF_ARTICLE,CANONICAL,0.0,0.0,1,N_59f243e2f645,N_c61890f57f5e,A_04ba8f6dbf6c,Consistencia_en_el_Trading.md,OWN_ARTICLE,EXACT,physical_filename_or_h1,CANONICAL_PRE_RECONCILIATION,ARBRE_CANONIC.csv
"Mercados, Activos e Instrumentos Financieros > Activos e Instrumentos Financieros > Divisas > Pares y cruces de divisas > EUR/USD","Mercados, Activos e Instrumentos Financieros > Activos e Instrumentos Financieros > Divisas > Pares y cruces de divisas",5,"Mercados, Activos e Instrumentos Financieros",EUR/USD,ARTICLE,LEAF_ARTICLE,CANONICAL,0.0,0.0,15,N_6631e200fc63,N_4e227fe01f8f,A_ae885b59f679,EUR_USD.md,OWN_ARTICLE,EXACT,physical_filename_or_h1,CANONICAL_PRE_RECONCILIATION,ARBRE_CANONIC.csv
"Mercados, Activos e Instrumentos Financieros > Activos e Instrumentos Financieros > Divisas > Pares y cruces de divisas > USD/JPY","Mercados, Activos e Instrumentos Financieros > Activos e Instrumentos Financieros > Divisas > Pares y cruces de divisas",5,"Mercados, Activos e Instrumentos Financieros",USD/JPY,ARTICLE,LEAF_ARTICLE,CANONICAL,0.0,0.0,16,N_e03f53dadb8c,N_4e227fe01f8f,A_2efca51cb4e3,USD_JPY.md,OWN_ARTICLE,EXACT,physical_filename_or_h1,CANONICAL_PRE_RECONCILIATION,ARBRE_CANONIC.csv
"Mercados, Activos e Instrumentos Financieros > Activos e Instrumentos Financieros > Divisas > Pares y cruces de divisas > GBP/USD","Mercados, Activos e Instrumentos Financieros > Activos e Instrumentos Financieros > Divisas > Pares y cruces de divisas",5,"Mercados, Activos e Instrumentos Financieros",GBP/USD,ARTICLE,LEAF_ARTICLE,CANONICAL,0.0,0.0,17,N_c84ade52b0bc,N_4e227fe01f8f,A_5813bec04286,GBP_USD.md,OWN_ARTICLE,EXACT,physical_filename_or_h1,CANONICAL_PRE_RECONCILIATION,ARBRE_CANONIC.csv
"Gestión del Riesgo, Gestión Monetaria y Psicotrading > Psicotrading > Psicología del Mercado","Gestión del Riesgo, Gestión Monetaria y Psicotrading > Psicotrading",2,"Gestión del Riesgo, Gestión Monetaria y Psicotrading",Psicología del Mercado,ARTICLE,LEAF_ARTICLE,CANONICAL,0.0,0.0,2,N_5ea649bb9619,N_c61890f57f5e,A_8a0d959fb76e,Psicologia_del_Mercado.md,OWN_ARTICLE,EXACT,physical_filename_or_h1,CANONICAL_PRE_RECONCILIATION,ARBRE_CANONIC.csv
Gestión de Carteras / Portfolio Management,Biblioteca de Trading,1,Gestión de Carteras / Portfolio Management,Gestión de Carteras / Portfolio Management,ARTICLE,MASTER_ARTICLE,STRUCTURAL_REPAIR_2026-09-13,,,999,N_053f456aee00,N_653fa1164539,A_83e0fff6965d,Gestion_de_Carteras_Portfolio_Management.md,OWN_ARTICLE_RECOVERED,EXPLICIT_STRUCTURAL_REPAIR,missing_parent_with_existing_children_and_article,POST_V08_PRESERVED,V6_EXPERIMENTAL_PRESERVED.csv
Análisis de Mercados > Análisis Técnico > Chartismo y patrones chartistas,Análisis de Mercados > Análisis Técnico,3,Análisis de Mercados,Chartismo y patrones chartistas,ARTICLE,LEAF_ARTICLE,STRUCTURAL_RECOVERY_FROM_PHYSICAL_ARTICLE_2026-09-13,,,999,N_fb4969b40b53,N_118922f89f79,A_d65dd9256680,Chartismo_Patrones_Chartistas.md,OWN_ARTICLE_RECOVERED,HIGH_EDITORIAL_CANONICAL,physical_article_plus_missing_analysis_technical_branch,POST_V08_PRESERVED,V6_EXPERIMENTAL_PRESERVED.csv
Análisis de Mercados > Análisis Técnico > Price Action,Análisis de Mercados > Análisis Técnico,3,Análisis de Mercados,Price Action,ARTICLE,LEAF_ARTICLE,STRUCTURAL_RECOVERY_FROM_PHYSICAL_ARTICLE_2026-09-13,,,999,N_21c09bfd2b02,N_118922f89f79,A_a5ed554207e9,Price_Action.md,OWN_ARTICLE_RECOVERED,HIGH_EDITORIAL_CANONICAL,physical_article_plus_missing_analysis_technical_branch,POST_V08_PRESERVED,V6_EXPERIMENTAL_PRESERVED.csv
Análisis de Mercados > Análisis Técnico > Fibonacci,Análisis de Mercados > Análisis Técnico,3,Análisis de Mercados,Fibonacci,ARTICLE,LEAF_ARTICLE,STRUCTURAL_RECOVERY_FROM_PHYSICAL_ARTICLE_2026-09-13,,,999,N_6117e68ae4ac,N_118922f89f79,A_0d31a7366a56,Fibonacci.md,OWN_ARTICLE_RECOVERED,HIGH_EDITORIAL_CANONICAL,physical_article_plus_missing_analysis_technical_branch,POST_V08_PRESERVED,V6_EXPERIMENTAL_PRESERVED.csv
Análisis de Mercados > Análisis Técnico > Método Wyckoff,Análisis de Mercados > Análisis Técnico,3,Análisis de Mercados,Método Wyckoff,ARTICLE,LEAF_ARTICLE,STRUCTURAL_RECOVERY_FROM_PHYSICAL_ARTICLE_2026-09-13,,,999,N_91c539499d67,N_118922f89f79,A_41f4c60fb2cd,Wyckoff.md,OWN_ARTICLE_RECOVERED,HIGH_EDITORIAL_CANONICAL,physical_article_plus_missing_analysis_technical_branch,POST_V08_PRESERVED,V6_EXPERIMENTAL_PRESERVED.csv
Análisis de Mercados > Análisis Técnico > Ondas de Elliott,Análisis de Mercados > Análisis Técnico,3,Análisis de Mercados,Ondas de Elliott,ARTICLE,LEAF_ARTICLE,STRUCTURAL_RECOVERY_FROM_PHYSICAL_ARTICLE_2026-09-13,,,999,N_9c9a0c6990b0,N_118922f89f79,A_015748305f83,Elliott.md,OWN_ARTICLE_RECOVERED,HIGH_EDITORIAL_CANONICAL,physical_article_plus_missing_analysis_technical_branch,POST_V08_PRESERVED,V6_EXPERIMENTAL_PRESERVED.csv
Análisis de Mercados > Análisis Técnico > Market Profile,Análisis de Mercados > Análisis Técnico,3,Análisis de Mercados,Market Profile,ARTICLE,LEAF_ARTICLE,STRUCTURAL_RECOVERY_FROM_PHYSICAL_ARTICLE_2026-09-13,,,999,N_43508e6f53d4,N_118922f89f79,A_2f2216185f68,Market_Profile.md,OWN_ARTICLE_RECOVERED,HIGH_EDITORIAL_CANONICAL,physical_article_plus_missing_analysis_technical_branch,POST_V08_PRESERVED,V6_EXPERIMENTAL_PRESERVED.csv
Análisis de Mercados > Análisis Técnico > Tendencias,Análisis de Mercados > Análisis Técnico,3,Análisis de Mercados,Tendencias,ARTICLE,LEAF_ARTICLE,STRUCTURAL_RECOVERY_FROM_PHYSICAL_ARTICLE_2026-09-13,,,999,N_f99916a94b12,N_118922f89f79,A_eb84e9696dbf,Tendencias.md,OWN_ARTICLE_RECOVERED,HIGH_EDITORIAL_CANONICAL,physical_article_plus_missing_analysis_technical_branch,POST_V08_PRESERVED,V6_EXPERIMENTAL_PRESERVED.csv
Análisis de Mercados > Análisis Técnico > Canales,Análisis de Mercados > Análisis Técnico,3,Análisis de Mercados,Canales,ARTICLE,LEAF_ARTICLE,STRUCTURAL_RECOVERY_FROM_PHYSICAL_ARTICLE_2026-09-13,,,999,N_ab7115f29129,N_118922f89f79,A_4659ad822fbf,Canales.md,OWN_ARTICLE_RECOVERED,HIGH_EDITORIAL_CANONICAL,physical_article_plus_missing_analysis_technical_branch,POST_V08_PRESERVED,V6_EXPERIMENTAL_PRESERVED.csv
Análisis de Mercados > Análisis Técnico > Soportes y Resistencias,Análisis de Mercados > Análisis Técnico,3,Análisis de Mercados,Soportes y Resistencias,ARTICLE,LEAF_ARTICLE,STRUCTURAL_RECOVERY_FROM_PHYSICAL_ARTICLE_2026-09-13,,,999,N_b2ad4a6066ef,N_118922f89f79,A_f4b2db58cd13,Soportes_y_Resistencias.md,OWN_ARTICLE_RECOVERED,HIGH_EDITORIAL_CANONICAL,physical_article_plus_missing_analysis_technical_branch,POST_V08_PRESERVED,V6_EXPERIMENTAL_PRESERVED.csv
Análisis de Mercados > Análisis Técnico > Indicadores y osciladores,Análisis de Mercados > Análisis Técnico,3,Análisis de Mercados,Indicadores y osciladores,ARTICLE,LEAF_ARTICLE,STRUCTURAL_RECOVERY_FROM_PHYSICAL_ARTICLE_2026-09-13,,,999,N_0b3e85727ac6,N_118922f89f79,A_19679a6ff9db,Indicadores_y_osciladores.md,OWN_ARTICLE_RECOVERED,HIGH_EDITORIAL_CANONICAL,physical_article_plus_missing_analysis_technical_branch,POST_V08_PRESERVED,V6_EXPERIMENTAL_PRESERVED.csv
Análisis de Mercados > Análisis Técnico > Gaps,Análisis de Mercados > Análisis Técnico,3,Análisis de Mercados,Gaps,ARTICLE,LEAF_ARTICLE,STRUCTURAL_RECOVERY_FROM_PHYSICAL_ARTICLE_2026-09-13,,,999,N_14a61de39ae2,N_118922f89f79,A_9891dc9ace86,Gaps.md,OWN_ARTICLE_RECOVERED,HIGH_EDITORIAL_CANONICAL,physical_article_plus_missing_analysis_technical_branch,POST_V08_PRESERVED,V6_EXPERIMENTAL_PRESERVED.csv
Análisis de Mercados > Análisis Técnico > Velas Japonesas,Análisis de Mercados > Análisis Técnico,3,Análisis de Mercados,Velas Japonesas,ARTICLE,LEAF_ARTICLE,STRUCTURAL_RECOVERY_FROM_PHYSICAL_ARTICLE_2026-09-13,,,999,N_86ae40de399c,N_118922f89f79,A_8a9d38c683ce,Velas_Japonesas.md,OWN_ARTICLE_RECOVERED,HIGH_EDITORIAL_CANONICAL,physical_article_plus_missing_analysis_technical_branch,POST_V08_PRESERVED,V6_EXPERIMENTAL_PRESERVED.csv
Análisis de Mercados > Análisis Técnico > Volumen,Análisis de Mercados > Análisis Técnico,3,Análisis de Mercados,Volumen,ARTICLE,LEAF_ARTICLE,STRUCTURAL_RECOVERY_FROM_PHYSICAL_ARTICLE_2026-09-13,,,999,N_d2e6e00d1ab1,N_118922f89f79,A_3b6203437803,Volumen.md,OWN_ARTICLE_RECOVERED,HIGH_EDITORIAL_CANONICAL,physical_article_plus_missing_analysis_technical_branch,POST_V08_PRESERVED,V6_EXPERIMENTAL_PRESERVED.csv
Análisis de Mercados > Análisis Técnico > Teoría de Dow,Análisis de Mercados > Análisis Técnico,3,Análisis de Mercados,Teoría de Dow,ARTICLE,LEAF_ARTICLE,STRUCTURAL_RECOVERY_FROM_PHYSICAL_ARTICLE_2026-09-13,,,999,N_111a387553c7,N_118922f89f79,A_df547dc34f7e,Teoria_de_Dow.md,OWN_ARTICLE_RECOVERED,HIGH_EDITORIAL_CANONICAL,physical_article_plus_missing_analysis_technical_branch,POST_V08_PRESERVED,V6_EXPERIMENTAL_PRESERVED.csv
Análisis de Mercados > Análisis Técnico > Gráficos de precios,Análisis de Mercados > Análisis Técnico,3,Análisis de Mercados,Gráficos de precios,ARTICLE,LEAF_ARTICLE,STRUCTURAL_RECOVERY_FROM_PHYSICAL_ARTICLE_2026-09-13,,,999,N_252b5ec576ed,N_118922f89f79,A_46b89285c8a0,Graficos_de_precios.md,OWN_ARTICLE_RECOVERED,HIGH_EDITORIAL_CANONICAL,physical_article_plus_missing_analysis_technical_branch,POST_V08_PRESERVED,V6_EXPERIMENTAL_PRESERVED.csv
Análisis de Mercados > Análisis Técnico > Líneas de tendencia,Análisis de Mercados > Análisis Técnico,3,Análisis de Mercados,Líneas de tendencia,ARTICLE,LEAF_ARTICLE,STRUCTURAL_RECOVERY_FROM_PHYSICAL_ARTICLE_2026-09-13,,,999,N_93837de62720,N_118922f89f79,A_ee4d951425a5,Lineas_de_tendencia.md,OWN_ARTICLE_RECOVERED,HIGH_EDITORIAL_CANONICAL,physical_article_plus_missing_analysis_technical_branch,POST_V08_PRESERVED,V6_EXPERIMENTAL_PRESERVED.csv
Análisis de Mercados > Análisis Técnico > Patrones armónicos,Análisis de Mercados > Análisis Técnico,3,Análisis de Mercados,Patrones armónicos,ARTICLE,LEAF_ARTICLE,STRUCTURAL_RECOVERY_FROM_PHYSICAL_ARTICLE_2026-09-13,,,999,N_f38ff576ccd9,N_118922f89f79,A_f0dad00cc1b0,Armonicos.md,OWN_ARTICLE_RECOVERED,HIGH_EDITORIAL_CANONICAL,physical_article_plus_missing_analysis_technical_branch,POST_V08_PRESERVED,V6_EXPERIMENTAL_PRESERVED.csv
Análisis de Mercados > Análisis Técnico > Figuras de reacción,Análisis de Mercados > Análisis Técnico,3,Análisis de Mercados,Figuras de reacción,ARTICLE,LEAF_ARTICLE,STRUCTURAL_RECOVERY_FROM_PHYSICAL_ARTICLE_2026-09-13,,,999,N_57114a05dee3,N_118922f89f79,A_93f7d9caa2d7,Figuras_de_Reaccion.md,OWN_ARTICLE_RECOVERED,HIGH_EDITORIAL_CANONICAL,physical_article_plus_missing_analysis_technical_branch,POST_V08_PRESERVED,V6_EXPERIMENTAL_PRESERVED.csv
Análisis de Mercados > Análisis Técnico > Patrones de reacción de mercado,Análisis de Mercados > Análisis Técnico,3,Análisis de Mercados,Patrones de reacción de mercado,ARTICLE,LEAF_ARTICLE,STRUCTURAL_RECOVERY_FROM_PHYSICAL_ARTICLE_2026-09-13,,,999,N_ff8946d27317,N_118922f89f79,A_a2924ae333df,Patrones_de_Reaccion_de_Mercado.md,OWN_ARTICLE_RECOVERED,HIGH_EDITORIAL_CANONICAL,physical_article_plus_missing_analysis_technical_branch,POST_V08_PRESERVED,V6_EXPERIMENTAL_PRESERVED.csv
Análisis de Mercados > Análisis Técnico > Tipos de técnicas y enfoques del análisis técnico,Análisis de Mercados > Análisis Técnico,3,Análisis de Mercados,Tipos de técnicas y enfoques del análisis técnico,ARTICLE,LEAF_ARTICLE,STRUCTURAL_RECOVERY_FROM_PHYSICAL_ARTICLE_2026-09-13,,,999,N_0e1e3a931166,N_118922f89f79,A_a5366e3909da,Tipos_de_tecnicas_y_enfoques_del_analisis_tecnico.md,OWN_ARTICLE_RECOVERED,HIGH_EDITORIAL_CANONICAL,physical_article_plus_missing_analysis_technical_branch,POST_V08_PRESERVED,V6_EXPERIMENTAL_PRESERVED.csv
"Tecnología, Plataformas y Herramientas > Datos e información de mercado","Tecnología, Plataformas y Herramientas",2,"Tecnología, Plataformas y Herramientas",Datos e información de mercado,ARTICLE,MASTER_ARTICLE,STRUCTURAL_RECOVERY_FROM_PHYSICAL_ARTICLE_2026-09-13,,,999,N_c140ef511b19,N_764b1c84b1a2,A_4ed8eff88b25,Datos_informacion_mercado.md,OWN_ARTICLE_RECOVERED,HIGH_EDITORIAL_CANONICAL,physical_article_and_canonical_branch,POST_V08_PRESERVED,V6_EXPERIMENTAL_PRESERVED.csv
"Modalidades, Estrategias y Sistemas de Trading > Tipos y Modalidades de Trading > Según el grado de discrecionalidad y sistematización","Modalidades, Estrategias y Sistemas de Trading > Tipos y Modalidades de Trading",3,"Modalidades, Estrategias y Sistemas de Trading",Según el grado de discrecionalidad y sistematización,ARTICLE,MASTER_ARTICLE,STRUCTURAL_RECOVERY_FROM_PHYSICAL_ARTICLE_2026-09-13,,,999,N_635b41874bde,N_eaf5f6a14ca6,A_b34ae97abfde,Segun_el_grado_de_discrecionalidad_y_sistematizacion.md,OWN_ARTICLE_RECOVERED,HIGH_EDITORIAL_CANONICAL,physical_article_and_canonical_branch,POST_V08_PRESERVED,V6_EXPERIMENTAL_PRESERVED.csv
"Inteligencia Artificial aplicada al Trading > Riesgos, limitaciones y desafíos",Inteligencia Artificial aplicada al Trading,2,Inteligencia Artificial aplicada al Trading,"Riesgos, limitaciones y desafíos",ARTICLE,MASTER_ARTICLE,STRUCTURAL_RECOVERY_FROM_PHYSICAL_ARTICLE_2026-09-13,,,999,N_4f620ccc5a07,N_069fd8fadbcc,A_5478722a90b9,Riesgos_limitaciones_desafios_IA.md,OWN_ARTICLE_RECOVERED,HIGH_EDITORIAL_CANONICAL,physical_article_and_canonical_branch,POST_V08_PRESERVED,V6_EXPERIMENTAL_PRESERVED.csv
"Modalidades, Estrategias y Sistemas de Trading > Tipos y Modalidades de Trading > Según el grado de discrecionalidad y sistematización > Trading discrecional","Modalidades, Estrategias y Sistemas de Trading > Tipos y Modalidades de Trading > Según el grado de discrecionalidad y sistematización",4,"Modalidades, Estrategias y Sistemas de Trading",Trading discrecional,ARTICLE,LEAF_ARTICLE,STRUCTURAL_RECOVERY_FROM_PHYSICAL_ARTICLE_2026-09-13,,,999,N_87995b910af5,N_635b41874bde,A_a30e5e9fa569,Trading_discrecional.md,OWN_ARTICLE_RECOVERED,HIGH_EDITORIAL_CANONICAL,physical_article_and_canonical_branch,POST_V08_PRESERVED,V6_EXPERIMENTAL_PRESERVED.csv
"Modalidades, Estrategias y Sistemas de Trading > Tipos y Modalidades de Trading > Según el grado de discrecionalidad y sistematización > Trading basado en reglas o sistemático","Modalidades, Estrategias y Sistemas de Trading > Tipos y Modalidades de Trading > Según el grado de discrecionalidad y sistematización",4,"Modalidades, Estrategias y Sistemas de Trading",Trading basado en reglas o sistemático,ARTICLE,LEAF_ARTICLE,STRUCTURAL_RECOVERY_FROM_PHYSICAL_ARTICLE_2026-09-13,,,999,N_8a03dca82417,N_635b41874bde,A_e72422951c20,Trading_basado_en_reglas_o_sistematico.md,OWN_ARTICLE_RECOVERED,HIGH_EDITORIAL_CANONICAL,physical_article_and_canonical_branch,POST_V08_PRESERVED,V6_EXPERIMENTAL_PRESERVED.csv
"Modalidades, Estrategias y Sistemas de Trading > Tipos y Modalidades de Trading > Según el grado de discrecionalidad y sistematización > Trading híbrido o semidiscrecional","Modalidades, Estrategias y Sistemas de Trading > Tipos y Modalidades de Trading > Según el grado de discrecionalidad y sistematización",4,"Modalidades, Estrategias y Sistemas de Trading",Trading híbrido o semidiscrecional,ARTICLE,LEAF_ARTICLE,STRUCTURAL_RECOVERY_FROM_PHYSICAL_ARTICLE_2026-09-13,,,999,N_c2f7c726caa1,N_635b41874bde,A_279568a12bde,Trading_hibrido_o_semidiscrecional.md,OWN_ARTICLE_RECOVERED,HIGH_EDITORIAL_CANONICAL,physical_article_and_canonical_branch,POST_V08_PRESERVED,V6_EXPERIMENTAL_PRESERVED.csv
"Modalidades, Estrategias y Sistemas de Trading > Tipos y Modalidades de Trading > Según el grado de automatización > Trading manual","Modalidades, Estrategias y Sistemas de Trading > Tipos y Modalidades de Trading > Según el grado de automatización",4,"Modalidades, Estrategias y Sistemas de Trading",Trading manual,ARTICLE,LEAF_ARTICLE,STRUCTURAL_RECOVERY_FROM_PHYSICAL_ARTICLE_2026-09-13,,,999,N_ee009dc88a4e,N_97941eb06354,A_4de1fb3761c8,Trading_manual.md,OWN_ARTICLE_RECOVERED,HIGH_EDITORIAL_CANONICAL,physical_article_and_canonical_branch,POST_V08_PRESERVED,V6_EXPERIMENTAL_PRESERVED.csv
"Modalidades, Estrategias y Sistemas de Trading > Tipos y Modalidades de Trading > Según el grado de automatización > Trading semiautomático","Modalidades, Estrategias y Sistemas de Trading > Tipos y Modalidades de Trading > Según el grado de automatización",4,"Modalidades, Estrategias y Sistemas de Trading",Trading semiautomático,ARTICLE,LEAF_ARTICLE,STRUCTURAL_RECOVERY_FROM_PHYSICAL_ARTICLE_2026-09-13,,,999,N_f7f50d93b663,N_97941eb06354,A_18b9853657d2,Trading_semiautomatico.md,OWN_ARTICLE_RECOVERED,HIGH_EDITORIAL_CANONICAL,physical_article_and_canonical_branch,POST_V08_PRESERVED,V6_EXPERIMENTAL_PRESERVED.csv
"Gestión del Riesgo, Gestión Monetaria y Psicotrading > Gestión Monetaria > Métodos y progresiones","Gestión del Riesgo, Gestión Monetaria y Psicotrading > Gestión Monetaria",3,"Gestión del Riesgo, Gestión Monetaria y Psicotrading",Métodos y progresiones,ARTICLE,MASTER_ARTICLE,STRUCTURAL_RECOVERY_FROM_PHYSICAL_ARTICLE_2026-09-13,,,999,N_667013adc800,N_735e273c327d,A_dac57263ce40,Metodos_y_progresiones.md,OWN_ARTICLE_RECOVERED,HIGH_EDITORIAL_CANONICAL,physical_article_and_canonical_branch,POST_V08_PRESERVED,V6_EXPERIMENTAL_PRESERVED.csv
"Mercados, Activos e Instrumentos Financieros > Mercados > Participantes de los mercados > Aseguradoras","Mercados, Activos e Instrumentos Financieros > Mercados > Participantes de los mercados",4,"Mercados, Activos e Instrumentos Financieros",Aseguradoras,ARTICLE,LEAF_ARTICLE,STRUCTURAL_RECOVERY_FROM_PHYSICAL_ARTICLE_2026-09-13,,,999,N_c43956d007eb,N_09131b1a4d74,A_d1de6a8ac893,Aseguradoras.md,OWN_ARTICLE_RECOVERED,HIGH_EDITORIAL_CANONICAL,physical_article_and_canonical_branch,POST_V08_PRESERVED,V6_EXPERIMENTAL_PRESERVED.csv
"Mercados, Activos e Instrumentos Financieros > Mercados > Participantes de los mercados > Bancos Comerciales y de Inversión","Mercados, Activos e Instrumentos Financieros > Mercados > Participantes de los mercados",4,"Mercados, Activos e Instrumentos Financieros",Bancos Comerciales y de Inversión,ARTICLE,LEAF_ARTICLE,STRUCTURAL_RECOVERY_FROM_PHYSICAL_ARTICLE_2026-09-13,,,999,N_2ea10f539db6,N_09131b1a4d74,A_e3b1bd478889,Bancos_Comerciales_y_de_Inversion.md,OWN_ARTICLE_RECOVERED,HIGH_EDITORIAL_CANONICAL,physical_article_and_canonical_branch,POST_V08_PRESERVED,V6_EXPERIMENTAL_PRESERVED.csv
"Mercados, Activos e Instrumentos Financieros > Mercados > Participantes de los mercados > Instituciones Financieras no Bancarias","Mercados, Activos e Instrumentos Financieros > Mercados > Participantes de los mercados",4,"Mercados, Activos e Instrumentos Financieros",Instituciones Financieras no Bancarias,ARTICLE,LEAF_ARTICLE,STRUCTURAL_RECOVERY_FROM_PHYSICAL_ARTICLE_2026-09-13,,,999,N_47086f8841a7,N_09131b1a4d74,A_3ed397c18ed9,Instituciones_Financieras_no_Bancarias.md,OWN_ARTICLE_RECOVERED,HIGH_EDITORIAL_CANONICAL,physical_article_and_canonical_branch,POST_V08_PRESERVED,V6_EXPERIMENTAL_PRESERVED.csv
"Gestión del Riesgo, Gestión Monetaria y Psicotrading > Gestión Monetaria > Drawdown","Gestión del Riesgo, Gestión Monetaria y Psicotrading > Gestión Monetaria",3,"Gestión del Riesgo, Gestión Monetaria y Psicotrading",Drawdown,ARTICLE,LEAF_ARTICLE,STRUCTURAL_RECOVERY_FROM_PHYSICAL_ARTICLE_2026-09-13,,,999,N_0f1003a3d41b,N_735e273c327d,A_29a1974c2ec3,Drawdown.md,OWN_ARTICLE_RECOVERED,HIGH_EDITORIAL_CANONICAL,physical_article_and_canonical_branch,POST_V08_PRESERVED,V6_EXPERIMENTAL_PRESERVED.csv
"Gestión del Riesgo, Gestión Monetaria y Psicotrading > Gestión Monetaria > Criterio de Kelly, Optimal f y riesgo de ruina","Gestión del Riesgo, Gestión Monetaria y Psicotrading > Gestión Monetaria",3,"Gestión del Riesgo, Gestión Monetaria y Psicotrading","Criterio de Kelly, Optimal f y riesgo de ruina",ARTICLE,LEAF_ARTICLE,STRUCTURAL_RECOVERY_FROM_PHYSICAL_ARTICLE_2026-09-13,,,999,N_85e9a977b818,N_735e273c327d,A_381de500474d,Kelly_Optimal_f_riesgo_ruina.md,OWN_ARTICLE_RECOVERED,HIGH_EDITORIAL_CANONICAL,physical_article_and_canonical_branch,POST_V08_PRESERVED,V6_EXPERIMENTAL_PRESERVED.csv
"Gestión del Riesgo, Gestión Monetaria y Psicotrading > Psicotrading > Sesgos cognitivos","Gestión del Riesgo, Gestión Monetaria y Psicotrading > Psicotrading",2,"Gestión del Riesgo, Gestión Monetaria y Psicotrading",Sesgos cognitivos,ARTICLE,LEAF_ARTICLE,STRUCTURAL_RECOVERY_FROM_PHYSICAL_ARTICLE_2026-09-13,,,999,N_f1c3383380e4,N_c61890f57f5e,A_67903b768c51,Sesgos_cognitivos.md,OWN_ARTICLE_RECOVERED,HIGH_EDITORIAL_CANONICAL,physical_article_and_canonical_branch,POST_V08_PRESERVED,V6_EXPERIMENTAL_PRESERVED.csv
"Industria del Trading > Gurús, influencers y creadores de contenido > Modelos de negocio de gurús, influencers y creadores","Industria del Trading > Gurús, influencers y creadores de contenido",3,Industria del Trading,"Modelos de negocio de gurús, influencers y creadores",ARTICLE,LEAF_ARTICLE,STRUCTURAL_RECOVERY_FROM_PHYSICAL_ARTICLE_2026-09-13,,,999,N_3916590b2c42,N_e6b9b859bc83,A_917273eb50e1,Modelos_negocio_creadores_trading.md,OWN_ARTICLE_RECOVERED,HIGH_EDITORIAL_CANONICAL,physical_article_and_canonical_branch,POST_V08_PRESERVED,V6_EXPERIMENTAL_PRESERVED.csv
"Regulación y Supervisión > Fraude, malas prácticas y protección > Servicios de trading fraudulentos","Regulación y Supervisión > Fraude, malas prácticas y protección",3,Regulación y Supervisión,Servicios de trading fraudulentos,ARTICLE,LEAF_ARTICLE,STRUCTURAL_RECOVERY_FROM_PHYSICAL_ARTICLE_2026-09-13,,,999,N_cee814905a0c,N_b8e842582943,A_a645964dfa6f,Servicios_trading_fraudulentos.md,OWN_ARTICLE_RECOVERED,HIGH_EDITORIAL_CANONICAL,physical_article_and_canonical_branch,POST_V08_PRESERVED,V6_EXPERIMENTAL_PRESERVED.csv
"Regulación y Supervisión > Fraude, malas prácticas y protección > Fraudes y riesgos cibernéticos","Regulación y Supervisión > Fraude, malas prácticas y protección",3,Regulación y Supervisión,Fraudes y riesgos cibernéticos,ARTICLE,LEAF_ARTICLE,STRUCTURAL_RECOVERY_FROM_PHYSICAL_ARTICLE_2026-09-13,,,999,N_b536e1aca78a,N_b8e842582943,A_18867e6976d6,Fraudes_riesgos_ciberneticos.md,OWN_ARTICLE_RECOVERED,HIGH_EDITORIAL_CANONICAL,physical_article_and_canonical_branch,POST_V08_PRESERVED,V6_EXPERIMENTAL_PRESERVED.csv
"Modalidades, Estrategias y Sistemas de Trading > Estrategias de Trading > Estrategias según gestión del riesgo","Modalidades, Estrategias y Sistemas de Trading > Estrategias de Trading",3,"Modalidades, Estrategias y Sistemas de Trading",Estrategias según gestión del riesgo,ARTICLE,LEAF_ARTICLE,STRUCTURAL_RECOVERY_FROM_PHYSICAL_ARTICLE_2026-09-13,,,999,N_3a96a6899d99,N_85c4e356902f,A_6e3c1831d932,Estrategias_segun_gestion_del_riesgo.md,OWN_ARTICLE_RECOVERED,EXPLICIT_FRONTMATTER_CANONICAL_PATH,physical_article_frontmatter,POST_V08_PRESERVED,V6_EXPERIMENTAL_PRESERVED.csv
Brokers e Intermediación > Fundamentos de la intermediación,Brokers e Intermediación,1,Brokers e Intermediación,Fundamentos de la intermediación,ARTICLE,MASTER_ARTICLE,RECOVERED_EXPLICIT_PATH_ANCESTOR_2026-09-13,,,0,N_0b71860c519b,N_23aa8b2e2a64,A_4e972a6041ba,Fundamentos_intermediacion.md,OWN_ARTICLE_HISTORICAL_EVIDENCE,V08_EXPLICIT_GENEALOGY,V08_V3_GENEALOGY,RECOVERED_REQUIRED_ANCESTOR,explicit descendant path + V08 historical evidence where available
Regulación y Supervisión > Regulación por actividad y participante,Regulación y Supervisión,1,Regulación y Supervisión,Regulación por actividad y participante,ARTICLE,MASTER_ARTICLE,RECOVERED_EXPLICIT_PATH_ANCESTOR_2026-09-13,,,0,N_21fab4a2c97f,N_0ae17501579f,A_e22c27d3739a,Regulacion_actividad_participante.md,OWN_ARTICLE_HISTORICAL_EVIDENCE,V08_EXPLICIT_GENEALOGY,V08_V3_GENEALOGY,RECOVERED_REQUIRED_ANCESTOR,explicit descendant path + V08 historical evidence where available
Regulación y Supervisión > Integridad de los mercados,Regulación y Supervisión,1,Regulación y Supervisión,Integridad de los mercados,ARTICLE,MASTER_ARTICLE,RECOVERED_EXPLICIT_PATH_ANCESTOR_2026-09-13,,,0,N_d8d1c6d8259e,N_0ae17501579f,A_5b6e5a249558,Integridad_mercados.md,OWN_ARTICLE_HISTORICAL_EVIDENCE,V08_EXPLICIT_GENEALOGY,V08_V3_GENEALOGY,RECOVERED_REQUIRED_ANCESTOR,explicit descendant path + V08 historical evidence where available
"Mercados, Activos e Instrumentos Financieros > Mercados > Fundamentos","Mercados, Activos e Instrumentos Financieros > Mercados",2,"Mercados, Activos e Instrumentos Financieros",Fundamentos,ARTICLE,MASTER_ARTICLE,RECOVERED_EXPLICIT_PATH_ANCESTOR_2026-09-13,,,0,N_e2801ea2bd32,N_37f447d9c170,,,STRUCTURAL_CONTAINER_NO_OWN_MD,EXPLICIT_PATH_EVIDENCE,descendant_path + V08 crosscheck,RECOVERED_REQUIRED_ANCESTOR,explicit descendant path + V08 historical evidence where available
"Mercados, Activos e Instrumentos Financieros > Activos e Instrumentos Financieros > Fundamentos","Mercados, Activos e Instrumentos Financieros > Activos e Instrumentos Financieros",2,"Mercados, Activos e Instrumentos Financieros",Fundamentos,ARTICLE,MASTER_ARTICLE,RECOVERED_EXPLICIT_PATH_ANCESTOR_2026-09-13,,,0,N_9e32258ff947,N_635694fca557,,,STRUCTURAL_CONTAINER_NO_OWN_MD,EXPLICIT_PATH_EVIDENCE,descendant_path + V08 crosscheck,RECOVERED_REQUIRED_ANCESTOR,explicit descendant path + V08 historical evidence where available
"Gestión del Riesgo, Gestión Monetaria y Psicotrading > Psicotrading > Disciplina y autocontrol","Gestión del Riesgo, Gestión Monetaria y Psicotrading > Psicotrading",2,"Gestión del Riesgo, Gestión Monetaria y Psicotrading",Disciplina y autocontrol,ARTICLE,MASTER_ARTICLE,RECOVERED_EXPLICIT_PATH_ANCESTOR_2026-09-13,,,0,N_938550e1b9ed,N_c61890f57f5e,A_a5fbf1d294fd,Disciplina_y_autocontrol.md,OWN_ARTICLE_HISTORICAL_PHYSICAL,EXPLICIT_PATH_EVIDENCE,descendant_path + V08 crosscheck,RECOVERED_REQUIRED_ANCESTOR,explicit descendant path + V08 historical evidence where available
"Gestión del Riesgo, Gestión Monetaria y Psicotrading > Psicotrading > Emociones","Gestión del Riesgo, Gestión Monetaria y Psicotrading > Psicotrading",2,"Gestión del Riesgo, Gestión Monetaria y Psicotrading",Emociones,ARTICLE,MASTER_ARTICLE,RECOVERED_EXPLICIT_PATH_ANCESTOR_2026-09-13,,,0,N_efa7e725b384,N_c61890f57f5e,A_5f09f17b4f31,Emociones_trading.md,OWN_ARTICLE_HISTORICAL_EVIDENCE,V08_EXPLICIT_GENEALOGY,V08_V3_GENEALOGY,RECOVERED_REQUIRED_ANCESTOR,explicit descendant path + V08 historical evidence where available
"Gestión del Riesgo, Gestión Monetaria y Psicotrading > Psicotrading > Gestión psicológica","Gestión del Riesgo, Gestión Monetaria y Psicotrading > Psicotrading",2,"Gestión del Riesgo, Gestión Monetaria y Psicotrading",Gestión psicológica,ARTICLE,MASTER_ARTICLE,RECOVERED_EXPLICIT_PATH_ANCESTOR_2026-09-13,,,0,N_9c88a522f986,N_c61890f57f5e,A_54d121fef0da,Gestion_psicologica.md,OWN_ARTICLE_HISTORICAL_PHYSICAL,EXPLICIT_PATH_EVIDENCE,descendant_path + V08 crosscheck,RECOVERED_REQUIRED_ANCESTOR,explicit descendant path + V08 historical evidence where available
